{"__meta":{"schema_version":3,"schema_name":"GBMModelV3","schema_type":"GBMModel"},"model_id":{"__meta":{"schema_version":3,"schema_name":"ModelKeyV3","schema_type":"Key<Model>"},"name":"gbm-553b3c2b-85d8-4181-b4d0-b54d78056a6d","type":"Key<Model>","URL":"/3/Models/gbm-553b3c2b-85d8-4181-b4d0-b54d78056a6d"},"algo":"gbm","algo_full_name":"Gradient Boosting Machine","response_column_name":"C1","data_frame":{"__meta":{"schema_version":3,"schema_name":"FrameKeyV3","schema_type":"Key<Frame>"},"name":"RTMP_sid_86e8_9","type":"Key<Frame>","URL":"/3/Frames/RTMP_sid_86e8_9"},"timestamp":1570728510660,"have_pojo":true,"have_mojo":true,"algo":"gbm","algo_full_name":"Gradient Boosting Machine","model_id":{"__meta":{"schema_version":3,"schema_name":"ModelKeyV3","schema_type":"Key<Model>"},"name":"gbm-553b3c2b-85d8-4181-b4d0-b54d78056a6d","type":"Key<Model>","URL":"/3/Models/gbm-553b3c2b-85d8-4181-b4d0-b54d78056a6d"},"parameters":[{"__meta":{"schema_version":3,"schema_name":"ModelParameterSchemaV3","schema_type":"Iced"},"name":"model_id","label":"model_id","help":"Destination id for this model; auto-generated if not specified.","required":false,"type":"Key<Model>","default_value":null,"actual_value":{"__meta":{"schema_version":3,"schema_name":"ModelKeyV3","schema_type":"Key<Model>"},"name":"gbm-553b3c2b-85d8-4181-b4d0-b54d78056a6d","type":"Key<Model>","URL":"/3/Models/gbm-553b3c2b-85d8-4181-b4d0-b54d78056a6d"},"level":"critical","values":[],"is_member_of_frames":[],"is_mutually_exclusive_with":[],"gridable":false},{"__meta":{"schema_version":3,"schema_name":"ModelParameterSchemaV3","schema_type":"Iced"},"name":"training_frame","label":"training_frame","help":"Id of the training data frame.","required":false,"type":"Key<Frame>","default_value":null,"actual_value":{"__meta":{"schema_version":3,"schema_name":"FrameKeyV3","schema_type":"Key<Frame>"},"name":"RTMP_sid_86e8_9","type":"Key<Frame>","URL":"/3/Frames/RTMP_sid_86e8_9"},"level":"critical","values":[],"is_member_of_frames":[],"is_mutually_exclusive_with":[],"gridable":false},{"__meta":{"schema_version":3,"schema_name":"ModelParameterSchemaV3","schema_type":"Iced"},"name":"validation_frame","label":"validation_frame","help":"Id of the validation data frame.","required":false,"type":"Key<Frame>","default_value":null,"actual_value":null,"level":"critical","values":[],"is_member_of_frames":[],"is_mutually_exclusive_with":[],"gridable":true},{"__meta":{"schema_version":3,"schema_name":"ModelParameterSchemaV3","schema_type":"Iced"},"name":"nfolds","label":"nfolds","help":"Number of folds for K-fold cross-validation (0 to disable or >= 2).","required":false,"type":"int","default_value":0,"actual_value":0,"level":"critical","values":[],"is_member_of_frames":[],"is_mutually_exclusive_with":[],"gridable":false},{"__meta":{"schema_version":3,"schema_name":"ModelParameterSchemaV3","schema_type":"Iced"},"name":"keep_cross_validation_models","label":"keep_cross_validation_models","help":"Whether to keep the cross-validation models.","required":false,"type":"boolean","default_value":true,"actual_value":true,"level":"expert","values":[],"is_member_of_frames":[],"is_mutually_exclusive_with":[],"gridable":false},{"__meta":{"schema_version":3,"schema_name":"ModelParameterSchemaV3","schema_type":"Iced"},"name":"keep_cross_validation_predictions","label":"keep_cross_validation_predictions","help":"Whether to keep the predictions of the cross-validation models.","required":false,"type":"boolean","default_value":false,"actual_value":false,"level":"expert","values":[],"is_member_of_frames":[],"is_mutually_exclusive_with":[],"gridable":false},{"__meta":{"schema_version":3,"schema_name":"ModelParameterSchemaV3","schema_type":"Iced"},"name":"keep_cross_validation_fold_assignment","label":"keep_cross_validation_fold_assignment","help":"Whether to keep the cross-validation fold assignment.","required":false,"type":"boolean","default_value":false,"actual_value":false,"level":"expert","values":[],"is_member_of_frames":[],"is_mutually_exclusive_with":[],"gridable":false},{"__meta":{"schema_version":3,"schema_name":"ModelParameterSchemaV3","schema_type":"Iced"},"name":"score_each_iteration","label":"score_each_iteration","help":"Whether to score during each iteration of model training.","required":false,"type":"boolean","default_value":false,"actual_value":false,"level":"secondary","values":[],"is_member_of_frames":[],"is_mutually_exclusive_with":[],"gridable":false},{"__meta":{"schema_version":3,"schema_name":"ModelParameterSchemaV3","schema_type":"Iced"},"name":"score_tree_interval","label":"score_tree_interval","help":"Score the model after every so many trees. Disabled if set to 0.","required":false,"type":"int","default_value":0,"actual_value":0,"level":"secondary","values":[],"is_member_of_frames":[],"is_mutually_exclusive_with":[],"gridable":false},{"__meta":{"schema_version":3,"schema_name":"ModelParameterSchemaV3","schema_type":"Iced"},"name":"fold_assignment","label":"fold_assignment","help":"Cross-validation fold assignment scheme, if fold_column is not specified. The 'Stratified' option will stratify the folds based on the response variable, for classification problems.","required":false,"type":"enum","default_value":"AUTO","actual_value":"AUTO","level":"secondary","values":["AUTO","Random","Modulo","Stratified"],"is_member_of_frames":[],"is_mutually_exclusive_with":[],"gridable":true},{"__meta":{"schema_version":3,"schema_name":"ModelParameterSchemaV3","schema_type":"Iced"},"name":"fold_column","label":"fold_column","help":"Column with cross-validation fold index assignment per observation.","required":false,"type":"VecSpecifier","default_value":null,"actual_value":null,"level":"secondary","values":[],"is_member_of_frames":["training_frame"],"is_mutually_exclusive_with":["response_column","weights_column","ignored_columns","offset_column"],"gridable":true},{"__meta":{"schema_version":3,"schema_name":"ModelParameterSchemaV3","schema_type":"Iced"},"name":"response_column","label":"response_column","help":"Response variable column.","required":false,"type":"VecSpecifier","default_value":null,"actual_value":{"__meta":{"schema_version":3,"schema_name":"ColSpecifierV3","schema_type":"VecSpecifier"},"column_name":"C1","is_member_of_frames":null},"level":"critical","values":[],"is_member_of_frames":["training_frame","validation_frame"],"is_mutually_exclusive_with":["weights_column","ignored_columns","offset_column","fold_column"],"gridable":true},{"__meta":{"schema_version":3,"schema_name":"ModelParameterSchemaV3","schema_type":"Iced"},"name":"ignored_columns","label":"ignored_columns","help":"Names of columns to ignore for training.","required":false,"type":"string[]","default_value":null,"actual_value":null,"level":"critical","values":[],"is_member_of_frames":["training_frame","validation_frame"],"is_mutually_exclusive_with":["response_column","weights_column","offset_column","fold_column"],"gridable":false},{"__meta":{"schema_version":3,"schema_name":"ModelParameterSchemaV3","schema_type":"Iced"},"name":"ignore_const_cols","label":"ignore_const_cols","help":"Ignore constant columns.","required":false,"type":"boolean","default_value":true,"actual_value":true,"level":"critical","values":[],"is_member_of_frames":[],"is_mutually_exclusive_with":[],"gridable":false},{"__meta":{"schema_version":3,"schema_name":"ModelParameterSchemaV3","schema_type":"Iced"},"name":"offset_column","label":"offset_column","help":"Offset column. This will be added to the combination of columns before applying the link function.","required":false,"type":"VecSpecifier","default_value":null,"actual_value":null,"level":"secondary","values":[],"is_member_of_frames":["training_frame","validation_frame"],"is_mutually_exclusive_with":["response_column","weights_column","ignored_columns","fold_column"],"gridable":true},{"__meta":{"schema_version":3,"schema_name":"ModelParameterSchemaV3","schema_type":"Iced"},"name":"weights_column","label":"weights_column","help":"Column with observation weights. Giving some observation a weight of zero is equivalent to excluding it from the dataset; giving an observation a relative weight of 2 is equivalent to repeating that row twice. Negative weights are not allowed. Note: Weights are per-row observation weights and do not increase the size of the data frame. This is typically the number of times a row is repeated, but non-integer values are supported as well. During training, rows with higher weights matter more, due to the larger loss function pre-factor.","required":false,"type":"VecSpecifier","default_value":null,"actual_value":null,"level":"secondary","values":[],"is_member_of_frames":["training_frame","validation_frame"],"is_mutually_exclusive_with":["response_column","ignored_columns","offset_column","fold_column"],"gridable":true},{"__meta":{"schema_version":3,"schema_name":"ModelParameterSchemaV3","schema_type":"Iced"},"name":"balance_classes","label":"balance_classes","help":"Balance training data class counts via over/under-sampling (for imbalanced data).","required":false,"type":"boolean","default_value":false,"actual_value":false,"level":"secondary","values":[],"is_member_of_frames":[],"is_mutually_exclusive_with":[],"gridable":true},{"__meta":{"schema_version":3,"schema_name":"ModelParameterSchemaV3","schema_type":"Iced"},"name":"class_sampling_factors","label":"class_sampling_factors","help":"Desired over/under-sampling ratios per class (in lexicographic order). If not specified, sampling factors will be automatically computed to obtain class balance during training. Requires balance_classes.","required":false,"type":"float[]","default_value":null,"actual_value":null,"level":"expert","values":[],"is_member_of_frames":[],"is_mutually_exclusive_with":[],"gridable":true},{"__meta":{"schema_version":3,"schema_name":"ModelParameterSchemaV3","schema_type":"Iced"},"name":"max_after_balance_size","label":"max_after_balance_size","help":"Maximum relative size of the training data after balancing class counts (can be less than 1.0). Requires balance_classes.","required":false,"type":"float","default_value":5.0,"actual_value":5.0,"level":"expert","values":[],"is_member_of_frames":[],"is_mutually_exclusive_with":[],"gridable":true},{"__meta":{"schema_version":3,"schema_name":"ModelParameterSchemaV3","schema_type":"Iced"},"name":"max_confusion_matrix_size","label":"max_confusion_matrix_size","help":"[Deprecated] Maximum size (# classes) for confusion matrices to be printed in the Logs","required":false,"type":"int","default_value":20,"actual_value":20,"level":"secondary","values":[],"is_member_of_frames":[],"is_mutually_exclusive_with":[],"gridable":false},{"__meta":{"schema_version":3,"schema_name":"ModelParameterSchemaV3","schema_type":"Iced"},"name":"max_hit_ratio_k","label":"max_hit_ratio_k","help":"Max. number (top K) of predictions to use for hit ratio computation (for multi-class only, 0 to disable)","required":false,"type":"int","default_value":0,"actual_value":0,"level":"secondary","values":[],"is_member_of_frames":[],"is_mutually_exclusive_with":[],"gridable":false},{"__meta":{"schema_version":3,"schema_name":"ModelParameterSchemaV3","schema_type":"Iced"},"name":"ntrees","label":"ntrees","help":"Number of trees.","required":false,"type":"int","default_value":50,"actual_value":50,"level":"critical","values":[],"is_member_of_frames":[],"is_mutually_exclusive_with":[],"gridable":true},{"__meta":{"schema_version":3,"schema_name":"ModelParameterSchemaV3","schema_type":"Iced"},"name":"max_depth","label":"max_depth","help":"Maximum tree depth.","required":false,"type":"int","default_value":5,"actual_value":5,"level":"critical","values":[],"is_member_of_frames":[],"is_mutually_exclusive_with":[],"gridable":true},{"__meta":{"schema_version":3,"schema_name":"ModelParameterSchemaV3","schema_type":"Iced"},"name":"min_rows","label":"min_rows","help":"Fewest allowed (weighted) observations in a leaf.","required":false,"type":"double","default_value":10.0,"actual_value":10.0,"level":"critical","values":[],"is_member_of_frames":[],"is_mutually_exclusive_with":[],"gridable":true},{"__meta":{"schema_version":3,"schema_name":"ModelParameterSchemaV3","schema_type":"Iced"},"name":"nbins","label":"nbins","help":"For numerical columns (real/int), build a histogram of (at least) this many bins, then split at the best point","required":false,"type":"int","default_value":20,"actual_value":20,"level":"critical","values":[],"is_member_of_frames":[],"is_mutually_exclusive_with":[],"gridable":true},{"__meta":{"schema_version":3,"schema_name":"ModelParameterSchemaV3","schema_type":"Iced"},"name":"nbins_top_level","label":"nbins_top_level","help":"For numerical columns (real/int), build a histogram of (at most) this many bins at the root level, then decrease by factor of two per level","required":false,"type":"int","default_value":1024,"actual_value":1024,"level":"secondary","values":[],"is_member_of_frames":[],"is_mutually_exclusive_with":[],"gridable":true},{"__meta":{"schema_version":3,"schema_name":"ModelParameterSchemaV3","schema_type":"Iced"},"name":"nbins_cats","label":"nbins_cats","help":"For categorical columns (factors), build a histogram of this many bins, then split at the best point. Higher values can lead to more overfitting.","required":false,"type":"int","default_value":1024,"actual_value":1024,"level":"secondary","values":[],"is_member_of_frames":[],"is_mutually_exclusive_with":[],"gridable":true},{"__meta":{"schema_version":3,"schema_name":"ModelParameterSchemaV3","schema_type":"Iced"},"name":"r2_stopping","label":"r2_stopping","help":"r2_stopping is no longer supported and will be ignored if set - please use stopping_rounds, stopping_metric and stopping_tolerance instead. Previous version of H2O would stop making trees when the R^2 metric equals or exceeds this","required":false,"type":"double","default_value":1.7976931348623157E308,"actual_value":1.7976931348623157E308,"level":"secondary","values":[],"is_member_of_frames":[],"is_mutually_exclusive_with":[],"gridable":true},{"__meta":{"schema_version":3,"schema_name":"ModelParameterSchemaV3","schema_type":"Iced"},"name":"stopping_rounds","label":"stopping_rounds","help":"Early stopping based on convergence of stopping_metric. Stop if simple moving average of length k of the stopping_metric does not improve for k:=stopping_rounds scoring events (0 to disable)","required":false,"type":"int","default_value":0,"actual_value":0,"level":"secondary","values":[],"is_member_of_frames":[],"is_mutually_exclusive_with":[],"gridable":true},{"__meta":{"schema_version":3,"schema_name":"ModelParameterSchemaV3","schema_type":"Iced"},"name":"stopping_metric","label":"stopping_metric","help":"Metric to use for early stopping (AUTO: logloss for classification, deviance for regression and anonomaly_score for Isolation Forest). Note that custom and custom_increasing can only be used in GBM and DRF with the Python client.","required":false,"type":"enum","default_value":"AUTO","actual_value":"AUTO","level":"secondary","values":["AUTO","deviance","logloss","MSE","RMSE","MAE","RMSLE","AUC","lift_top_group","misclassification","AUCPR","mean_per_class_error","anomaly_score","custom","custom_increasing"],"is_member_of_frames":[],"is_mutually_exclusive_with":[],"gridable":true},{"__meta":{"schema_version":3,"schema_name":"ModelParameterSchemaV3","schema_type":"Iced"},"name":"stopping_tolerance","label":"stopping_tolerance","help":"Relative tolerance for metric-based stopping criterion (stop if relative improvement is not at least this much)","required":false,"type":"double","default_value":0.001,"actual_value":0.001,"level":"secondary","values":[],"is_member_of_frames":[],"is_mutually_exclusive_with":[],"gridable":true},{"__meta":{"schema_version":3,"schema_name":"ModelParameterSchemaV3","schema_type":"Iced"},"name":"max_runtime_secs","label":"max_runtime_secs","help":"Maximum allowed runtime in seconds for model training. Use 0 to disable.","required":false,"type":"double","default_value":0.0,"actual_value":0.0,"level":"secondary","values":[],"is_member_of_frames":[],"is_mutually_exclusive_with":[],"gridable":true},{"__meta":{"schema_version":3,"schema_name":"ModelParameterSchemaV3","schema_type":"Iced"},"name":"seed","label":"seed","help":"Seed for pseudo random number generator (if applicable)","required":false,"type":"long","default_value":-1,"actual_value":2945129479875428958,"level":"critical","values":[],"is_member_of_frames":[],"is_mutually_exclusive_with":[],"gridable":true},{"__meta":{"schema_version":3,"schema_name":"ModelParameterSchemaV3","schema_type":"Iced"},"name":"build_tree_one_node","label":"build_tree_one_node","help":"Run on one node only; no network overhead but fewer cpus used.  Suitable for small datasets.","required":false,"type":"boolean","default_value":false,"actual_value":false,"level":"expert","values":[],"is_member_of_frames":[],"is_mutually_exclusive_with":[],"gridable":false},{"__meta":{"schema_version":3,"schema_name":"ModelParameterSchemaV3","schema_type":"Iced"},"name":"learn_rate","label":"learn_rate","help":"Learning rate (from 0.0 to 1.0)","required":false,"type":"double","default_value":0.1,"actual_value":0.1,"level":"critical","values":[],"is_member_of_frames":[],"is_mutually_exclusive_with":[],"gridable":true},{"__meta":{"schema_version":3,"schema_name":"ModelParameterSchemaV3","schema_type":"Iced"},"name":"learn_rate_annealing","label":"learn_rate_annealing","help":"Scale the learning rate by this factor after each tree (e.g., 0.99 or 0.999) ","required":false,"type":"double","default_value":1.0,"actual_value":1.0,"level":"secondary","values":[],"is_member_of_frames":[],"is_mutually_exclusive_with":[],"gridable":true},{"__meta":{"schema_version":3,"schema_name":"ModelParameterSchemaV3","schema_type":"Iced"},"name":"distribution","label":"distribution","help":"Distribution function","required":false,"type":"enum","default_value":"AUTO","actual_value":"bernoulli","level":"secondary","values":["AUTO","bernoulli","quasibinomial","ordinal","multinomial","gaussian","poisson","gamma","tweedie","laplace","quantile","huber","custom"],"is_member_of_frames":[],"is_mutually_exclusive_with":[],"gridable":true},{"__meta":{"schema_version":3,"schema_name":"ModelParameterSchemaV3","schema_type":"Iced"},"name":"quantile_alpha","label":"quantile_alpha","help":"Desired quantile for Quantile regression, must be between 0 and 1.","required":false,"type":"double","default_value":0.5,"actual_value":0.5,"level":"secondary","values":[],"is_member_of_frames":[],"is_mutually_exclusive_with":[],"gridable":true},{"__meta":{"schema_version":3,"schema_name":"ModelParameterSchemaV3","schema_type":"Iced"},"name":"tweedie_power","label":"tweedie_power","help":"Tweedie power for Tweedie regression, must be between 1 and 2.","required":false,"type":"double","default_value":1.5,"actual_value":1.5,"level":"secondary","values":[],"is_member_of_frames":[],"is_mutually_exclusive_with":[],"gridable":true},{"__meta":{"schema_version":3,"schema_name":"ModelParameterSchemaV3","schema_type":"Iced"},"name":"huber_alpha","label":"huber_alpha","help":"Desired quantile for Huber/M-regression (threshold between quadratic and linear loss, must be between 0 and 1).","required":false,"type":"double","default_value":0.9,"actual_value":0.9,"level":"secondary","values":[],"is_member_of_frames":[],"is_mutually_exclusive_with":[],"gridable":true},{"__meta":{"schema_version":3,"schema_name":"ModelParameterSchemaV3","schema_type":"Iced"},"name":"checkpoint","label":"checkpoint","help":"Model checkpoint to resume training with.","required":false,"type":"Key<Model>","default_value":null,"actual_value":null,"level":"secondary","values":[],"is_member_of_frames":[],"is_mutually_exclusive_with":[],"gridable":false},{"__meta":{"schema_version":3,"schema_name":"ModelParameterSchemaV3","schema_type":"Iced"},"name":"sample_rate","label":"sample_rate","help":"Row sample rate per tree (from 0.0 to 1.0)","required":false,"type":"double","default_value":1.0,"actual_value":1.0,"level":"critical","values":[],"is_member_of_frames":[],"is_mutually_exclusive_with":[],"gridable":true},{"__meta":{"schema_version":3,"schema_name":"ModelParameterSchemaV3","schema_type":"Iced"},"name":"sample_rate_per_class","label":"sample_rate_per_class","help":"A list of row sample rates per class (relative fraction for each class, from 0.0 to 1.0), for each tree","required":false,"type":"double[]","default_value":null,"actual_value":null,"level":"expert","values":[],"is_member_of_frames":[],"is_mutually_exclusive_with":[],"gridable":true},{"__meta":{"schema_version":3,"schema_name":"ModelParameterSchemaV3","schema_type":"Iced"},"name":"col_sample_rate","label":"col_sample_rate","help":"Column sample rate (from 0.0 to 1.0)","required":false,"type":"double","default_value":1.0,"actual_value":1.0,"level":"critical","values":[],"is_member_of_frames":[],"is_mutually_exclusive_with":[],"gridable":true},{"__meta":{"schema_version":3,"schema_name":"ModelParameterSchemaV3","schema_type":"Iced"},"name":"col_sample_rate_change_per_level","label":"col_sample_rate_change_per_level","help":"Relative change of the column sampling rate for every level (must be > 0.0 and <= 2.0)","required":false,"type":"double","default_value":1.0,"actual_value":1.0,"level":"expert","values":[],"is_member_of_frames":[],"is_mutually_exclusive_with":[],"gridable":true},{"__meta":{"schema_version":3,"schema_name":"ModelParameterSchemaV3","schema_type":"Iced"},"name":"col_sample_rate_per_tree","label":"col_sample_rate_per_tree","help":"Column sample rate per tree (from 0.0 to 1.0)","required":false,"type":"double","default_value":1.0,"actual_value":1.0,"level":"secondary","values":[],"is_member_of_frames":[],"is_mutually_exclusive_with":[],"gridable":true},{"__meta":{"schema_version":3,"schema_name":"ModelParameterSchemaV3","schema_type":"Iced"},"name":"min_split_improvement","label":"min_split_improvement","help":"Minimum relative improvement in squared error reduction for a split to happen","required":false,"type":"double","default_value":1.0E-5,"actual_value":1.0E-5,"level":"secondary","values":[],"is_member_of_frames":[],"is_mutually_exclusive_with":[],"gridable":true},{"__meta":{"schema_version":3,"schema_name":"ModelParameterSchemaV3","schema_type":"Iced"},"name":"histogram_type","label":"histogram_type","help":"What type of histogram to use for finding optimal split points","required":false,"type":"enum","default_value":"AUTO","actual_value":"AUTO","level":"secondary","values":["AUTO","UniformAdaptive","Random","QuantilesGlobal","RoundRobin"],"is_member_of_frames":[],"is_mutually_exclusive_with":[],"gridable":true},{"__meta":{"schema_version":3,"schema_name":"ModelParameterSchemaV3","schema_type":"Iced"},"name":"max_abs_leafnode_pred","label":"max_abs_leafnode_pred","help":"Maximum absolute value of a leaf node prediction","required":false,"type":"double","default_value":1.7976931348623157E308,"actual_value":1.7976931348623157E308,"level":"expert","values":[],"is_member_of_frames":[],"is_mutually_exclusive_with":[],"gridable":true},{"__meta":{"schema_version":3,"schema_name":"ModelParameterSchemaV3","schema_type":"Iced"},"name":"pred_noise_bandwidth","label":"pred_noise_bandwidth","help":"Bandwidth (sigma) of Gaussian multiplicative noise ~N(1,sigma) for tree node predictions","required":false,"type":"double","default_value":0.0,"actual_value":0.0,"level":"expert","values":[],"is_member_of_frames":[],"is_mutually_exclusive_with":[],"gridable":true},{"__meta":{"schema_version":3,"schema_name":"ModelParameterSchemaV3","schema_type":"Iced"},"name":"categorical_encoding","label":"categorical_encoding","help":"Encoding scheme for categorical features","required":false,"type":"enum","default_value":"AUTO","actual_value":"AUTO","level":"secondary","values":["AUTO","Enum","OneHotInternal","OneHotExplicit","Binary","Eigen","LabelEncoder","SortByResponse","EnumLimited"],"is_member_of_frames":[],"is_mutually_exclusive_with":[],"gridable":true},{"__meta":{"schema_version":3,"schema_name":"ModelParameterSchemaV3","schema_type":"Iced"},"name":"calibrate_model","label":"calibrate_model","help":"Use Platt Scaling to calculate calibrated class probabilities. Calibration can provide more accurate estimates of class probabilities.","required":false,"type":"boolean","default_value":false,"actual_value":false,"level":"expert","values":[],"is_member_of_frames":[],"is_mutually_exclusive_with":[],"gridable":false},{"__meta":{"schema_version":3,"schema_name":"ModelParameterSchemaV3","schema_type":"Iced"},"name":"calibration_frame","label":"calibration_frame","help":"Calibration frame for Platt Scaling","required":false,"type":"Key<Frame>","default_value":null,"actual_value":null,"level":"expert","values":[],"is_member_of_frames":[],"is_mutually_exclusive_with":[],"gridable":false},{"__meta":{"schema_version":3,"schema_name":"ModelParameterSchemaV3","schema_type":"Iced"},"name":"custom_metric_func","label":"custom_metric_func","help":"Reference to custom evaluation function, format: `language:keyName=funcName`","required":false,"type":"string","default_value":null,"actual_value":"","level":"secondary","values":[],"is_member_of_frames":[],"is_mutually_exclusive_with":[],"gridable":false},{"__meta":{"schema_version":3,"schema_name":"ModelParameterSchemaV3","schema_type":"Iced"},"name":"custom_distribution_func","label":"custom_distribution_func","help":"Reference to custom distribution, format: `language:keyName=funcName`","required":false,"type":"string","default_value":null,"actual_value":"","level":"secondary","values":[],"is_member_of_frames":[],"is_mutually_exclusive_with":[],"gridable":false},{"__meta":{"schema_version":3,"schema_name":"ModelParameterSchemaV3","schema_type":"Iced"},"name":"export_checkpoints_dir","label":"export_checkpoints_dir","help":"Automatically export generated models to this directory.","required":false,"type":"string","default_value":null,"actual_value":"","level":"secondary","values":[],"is_member_of_frames":[],"is_mutually_exclusive_with":[],"gridable":false},{"__meta":{"schema_version":3,"schema_name":"ModelParameterSchemaV3","schema_type":"Iced"},"name":"monotone_constraints","label":"monotone_constraints","help":"A mapping representing monotonic constraints. Use +1 to enforce an increasing constraint and -1 to specify a decreasing constraint.","required":false,"type":"KeyValue[]","default_value":null,"actual_value":null,"level":"secondary","values":[],"is_member_of_frames":[],"is_mutually_exclusive_with":[],"gridable":false},{"__meta":{"schema_version":3,"schema_name":"ModelParameterSchemaV3","schema_type":"Iced"},"name":"check_constant_response","label":"check_constant_response","help":"Check if response column is constant. If enabled, then an exception is thrown if the response column is a constant value.If disabled, then model will train regardless of the response column being a constant value or not.","required":false,"type":"boolean","default_value":true,"actual_value":true,"level":"expert","values":[],"is_member_of_frames":[],"is_mutually_exclusive_with":[],"gridable":false}],"output":{"__meta":{"schema_version":3,"schema_name":"GBMModelOutputV3","schema_type":"GBMOutput"},"names":["C2","C3","C4","C5","C6","C7","C8","C10","C11","C12","C13","C14","C15","C16","C17","C18","C19","C20","C21","C22","C23","C24","C25","C26","C27","C28","C29","C30","C31","C32","C33","C35","C37","C38","C40","C41","C42","C43","C44","C45","C46","C47","C48","C49","C50","C51","C52","C53","C54","C55","C56","C57","C59","C61","C62","C63","C64","C65","C66","C67","C68","C69","C70","C71","C72","C73","C74","C75","C76","C77","C78","C79","C80","C81","C82","C83","C84","C85","C86","C87","C88","C91","C92","C93","C94","C95","C96","C97","C99","C100","C101","C102","C103","C106","C107","C108","C109","C110","C111","C112","C113","C114","C115","C116","C117","C118","C119","C120","C121","C122","C123","C124","C125","C126","C127","C1"],"column_types":["Numeric","Numeric","Numeric","Numeric","Numeric","Numeric","Numeric","Numeric","Numeric","Numeric","Numeric","Numeric","Numeric","Numeric","Numeric","Numeric","Numeric","Numeric","Numeric","Numeric","Numeric","Numeric","Numeric","Numeric","Numeric","Numeric","Numeric","Numeric","Numeric","Numeric","Numeric","Numeric","Numeric","Numeric","Numeric","Numeric","Numeric","Numeric","Numeric","Numeric","Numeric","Numeric","Numeric","Numeric","Numeric","Numeric","Numeric","Numeric","Numeric","Numeric","Numeric","Numeric","Numeric","Numeric","Numeric","Numeric","Numeric","Numeric","Numeric","Numeric","Numeric","Numeric","Numeric","Numeric","Numeric","Numeric","Numeric","Numeric","Numeric","Numeric","Numeric","Numeric","Numeric","Numeric","Numeric","Numeric","Numeric","Numeric","Numeric","Numeric","Numeric","Numeric","Numeric","Numeric","Numeric","Numeric","Numeric","Numeric","Numeric","Numeric","Numeric","Numeric","Numeric","Numeric","Numeric","Numeric","Numeric","Numeric","Numeric","Numeric","Numeric","Numeric","Numeric","Numeric","Numeric","Numeric","Numeric","Numeric","Numeric","Numeric","Numeric","Numeric","Numeric","Numeric","Numeric","Enum"],"domains":[null,null,null,null,null,null,null,null,null,null,null,null,null,null,null,null,null,null,null,null,null,null,null,null,null,null,null,null,null,null,null,null,null,null,null,null,null,null,null,null,null,null,null,null,null,null,null,null,null,null,null,null,null,null,null,null,null,null,null,null,null,null,null,null,null,null,null,null,null,null,null,null,null,null,null,null,null,null,null,null,null,null,null,null,null,null,null,null,null,null,null,null,null,null,null,null,null,null,null,null,null,null,null,null,null,null,null,null,null,null,null,null,null,null,null,["0","1"]],"cross_validation_models":null,"cross_validation_predictions":null,"cross_validation_holdout_predictions_frame_id":null,"cross_validation_fold_assignment_frame_id":null,"model_category":"Binomial","model_summary":{"__meta":{"schema_version":3,"schema_name":"TwoDimTableV3","schema_type":"TwoDimTable"},"name":"Model Summary","description":"","columns":[{"__meta":{"schema_version":-1,"schema_name":"ColumnSpecsBase","schema_type":"Iced"},"name":"","type":"string","format":"%s","description":""},{"__meta":{"schema_version":-1,"schema_name":"ColumnSpecsBase","schema_type":"Iced"},"name":"number_of_trees","type":"long","format":"%d","description":"Number of Trees"},{"__meta":{"schema_version":-1,"schema_name":"ColumnSpecsBase","schema_type":"Iced"},"name":"number_of_internal_trees","type":"long","format":"%d","description":"Number of Internal Trees"},{"__meta":{"schema_version":-1,"schema_name":"ColumnSpecsBase","schema_type":"Iced"},"name":"model_size_in_bytes","type":"long","format":"%d","description":"Model Size in Bytes"},{"__meta":{"schema_version":-1,"schema_name":"ColumnSpecsBase","schema_type":"Iced"},"name":"min_depth","type":"long","format":"%d","description":"Min. Depth"},{"__meta":{"schema_version":-1,"schema_name":"ColumnSpecsBase","schema_type":"Iced"},"name":"max_depth","type":"long","format":"%d","description":"Max. Depth"},{"__meta":{"schema_version":-1,"schema_name":"ColumnSpecsBase","schema_type":"Iced"},"name":"mean_depth","type":"double","format":"%.5f","description":"Mean Depth"},{"__meta":{"schema_version":-1,"schema_name":"ColumnSpecsBase","schema_type":"Iced"},"name":"min_leaves","type":"long","format":"%d","description":"Min. Leaves"},{"__meta":{"schema_version":-1,"schema_name":"ColumnSpecsBase","schema_type":"Iced"},"name":"max_leaves","type":"long","format":"%d","description":"Max. Leaves"},{"__meta":{"schema_version":-1,"schema_name":"ColumnSpecsBase","schema_type":"Iced"},"name":"mean_leaves","type":"double","format":"%.5f","description":"Mean Leaves"}],"rowcount":1,"data":[[""],[50],[50],[13095],[5],[5],[5.0],[10],[21],[16.08]]},"scoring_history":{"__meta":{"schema_version":3,"schema_name":"TwoDimTableV3","schema_type":"TwoDimTable"},"name":"Scoring History","description":"","columns":[{"__meta":{"schema_version":-1,"schema_name":"ColumnSpecsBase","schema_type":"Iced"},"name":"","type":"string","format":"%s","description":""},{"__meta":{"schema_version":-1,"schema_name":"ColumnSpecsBase","schema_type":"Iced"},"name":"timestamp","type":"string","format":"%s","description":"Timestamp"},{"__meta":{"schema_version":-1,"schema_name":"ColumnSpecsBase","schema_type":"Iced"},"name":"duration","type":"string","format":"%s","description":"Duration"},{"__meta":{"schema_version":-1,"schema_name":"ColumnSpecsBase","schema_type":"Iced"},"name":"number_of_trees","type":"long","format":"%d","description":"Number of Trees"},{"__meta":{"schema_version":-1,"schema_name":"ColumnSpecsBase","schema_type":"Iced"},"name":"training_rmse","type":"double","format":"%.5f","description":"Training RMSE"},{"__meta":{"schema_version":-1,"schema_name":"ColumnSpecsBase","schema_type":"Iced"},"name":"training_logloss","type":"double","format":"%.5f","description":"Training LogLoss"},{"__meta":{"schema_version":-1,"schema_name":"ColumnSpecsBase","schema_type":"Iced"},"name":"training_auc","type":"double","format":"%.5f","description":"Training AUC"},{"__meta":{"schema_version":-1,"schema_name":"ColumnSpecsBase","schema_type":"Iced"},"name":"training_pr_auc","type":"double","format":"%.5f","description":"Training pr_auc"},{"__meta":{"schema_version":-1,"schema_name":"ColumnSpecsBase","schema_type":"Iced"},"name":"training_lift","type":"double","format":"%.5f","description":"Training Lift"},{"__meta":{"schema_version":-1,"schema_name":"ColumnSpecsBase","schema_type":"Iced"},"name":"training_classification_error","type":"double","format":"%.5f","description":"Training Classification Error"},{"__meta":{"schema_version":-1,"schema_name":"ColumnSpecsBase","schema_type":"Iced"},"name":"training_custom","type":"double","format":"%.5f","description":"Training Custom"}],"rowcount":51,"data":[["","","","","","","","","","","","","","","","","","","","","","","","","","","","","","","","","","","","","","","","","","","","","","","","","","",""],["2019-10-10 13:28:29","2019-10-10 13:28:29","2019-10-10 13:28:29","2019-10-10 13:28:29","2019-10-10 13:28:29","2019-10-10 13:28:29","2019-10-10 13:28:29","2019-10-10 13:28:29","2019-10-10 13:28:29","2019-10-10 13:28:29","2019-10-10 13:28:29","2019-10-10 13:28:29","2019-10-10 13:28:29","2019-10-10 13:28:30","2019-10-10 13:28:30","2019-10-10 13:28:30","2019-10-10 13:28:30","2019-10-10 13:28:30","2019-10-10 13:28:30","2019-10-10 13:28:30","2019-10-10 13:28:30","2019-10-10 13:28:30","2019-10-10 13:28:30","2019-10-10 13:28:30","2019-10-10 13:28:30","2019-10-10 13:28:30","2019-10-10 13:28:30","2019-10-10 13:28:30","2019-10-10 13:28:30","2019-10-10 13:28:30","2019-10-10 13:28:30","2019-10-10 13:28:30","2019-10-10 13:28:30","2019-10-10 13:28:30","2019-10-10 13:28:30","2019-10-10 13:28:30","2019-10-10 13:28:30","2019-10-10 13:28:30","2019-10-10 13:28:30","2019-10-10 13:28:30","2019-10-10 13:28:30","2019-10-10 13:28:30","2019-10-10 13:28:30","2019-10-10 13:28:30","2019-10-10 13:28:30","2019-10-10 13:28:30","2019-10-10 13:28:30","2019-10-10 13:28:30","2019-10-10 13:28:30","2019-10-10 13:28:30","2019-10-10 13:28:30"],[" 0.002 sec"," 0.075 sec"," 0.098 sec"," 0.115 sec"," 0.132 sec"," 0.153 sec"," 0.174 sec"," 0.199 sec"," 0.223 sec"," 0.244 sec"," 0.267 sec"," 0.291 sec"," 0.312 sec"," 0.326 sec"," 0.342 sec"," 0.356 sec"," 0.381 sec"," 0.400 sec"," 0.419 sec"," 0.433 sec"," 0.446 sec"," 0.462 sec"," 0.479 sec"," 0.497 sec"," 0.513 sec"," 0.529 sec"," 0.541 sec"," 0.557 sec"," 0.572 sec"," 0.589 sec"," 0.608 sec"," 0.622 sec"," 0.635 sec"," 0.649 sec"," 0.660 sec"," 0.674 sec"," 0.687 sec"," 0.708 sec"," 0.734 sec"," 0.760 sec"," 0.789 sec"," 0.812 sec"," 0.836 sec"," 0.860 sec"," 0.885 sec"," 0.899 sec"," 0.912 sec"," 0.925 sec"," 0.937 sec"," 0.951 sec"," 0.965 sec"],[0,1,2,3,4,5,6,7,8,9,10,11,12,13,14,15,16,17,18,19,20,21,22,23,24,25,26,27,28,29,30,31,32,33,34,35,36,37,38,39,40,41,42,43,44,45,46,47,48,49,50],[0.4996645725119484,0.4506117027306879,0.4069040242687554,0.3677572375757983,0.3327836255004565,0.30136263664657564,0.2732602513521683,0.24797470754020487,0.2253442041042807,0.20498373201522277,0.18662721509331565,0.17021933851884394,0.155647652568562,0.14235392068588273,0.1305741638571713,0.11959061079671345,0.10877774924045687,0.09983131481816243,0.090876284402537,0.08368450614629536,0.0762622413570171,0.0705085816528552,0.06434567420680853,0.059172807049027776,0.05420833028336199,0.05053196956132952,0.046203683181125596,0.04330169878804918,0.040156799788123254,0.03739618331798349,0.03541067175869556,0.03261123257559129,0.031077668091436438,0.028484448131163354,0.027300546270572254,0.025752975766815334,0.023785445387387725,0.022987503022153032,0.021095675403168954,0.020486689433433673,0.019513126013430835,0.018045294142349257,0.017636998619291324,0.016194024514915584,0.014907722395413759,0.014617368516348138,0.014039991559326092,0.01288999379669062,0.012695017352383403,0.011548129215907659,0.010511113498157773],[0.6924764006117087,0.5988456572185031,0.5222062607894942,0.4581821608331134,0.4041844282863923,0.35795914001590684,0.318237530128363,0.28369702314989825,0.25362079411609534,0.22721350646008823,0.20386621420662737,0.18329991994527858,0.16517675731575618,0.14889548193043273,0.13449214642115098,0.12130105480602518,0.10911961838004527,0.0985806288109023,0.08881962896910923,0.0803755597307889,0.07251758884167375,0.0657200393456165,0.05936854249725628,0.053782329245525964,0.04871051306490571,0.044246045726925184,0.04004029075395072,0.03641270827619826,0.033075553130753735,0.0300774967856722,0.027407094063196285,0.024887323353879928,0.022705908568817594,0.02058104603602914,0.018798977362079174,0.017147874383294806,0.01559677088371874,0.014273397604053458,0.012951336309338547,0.01186772930631331,0.010856228272568108,0.009888451009357816,0.009080605841966847,0.0082476967279575,0.0074994792240415525,0.0068972215241340845,0.006331272815719363,0.005755285909903394,0.005305923498856132,0.0048118053152762606,0.004367796415773502],[0.5,0.9999074016914625,0.9999074016914625,0.999947527625162,0.999947527625162,0.999947527625162,0.999947527625162,0.999947527625162,0.999947527625162,0.999947527625162,0.999947527625162,0.999947527625162,0.999947527625162,0.999947527625162,0.999947527625162,0.999947527625162,0.9999753071177233,0.9999753071177233,1.0,1.0,1.0,1.0,1.0,1.0,1.0,1.0,1.0,1.0,1.0,1.0,1.0,1.0,1.0,1.0,1.0,1.0,1.0,1.0,1.0,1.0,1.0,1.0,1.0,1.0,1.0,1.0,1.0,1.0,1.0,1.0,1.0],[0.0,0.016654149082128363,0.016654149082128363,0.01669618355039234,0.01669618355039234,0.01669618355039234,0.01669618355039234,0.01669618355039234,0.01669618355039234,0.01669618355039234,0.01669618355039234,0.01669618355039234,0.01669618355039234,0.01669618355039234,0.01669618355039234,0.9870570083802298,0.9896642195610141,0.9896642195610141,0.9896907216494846,0.9896907216494846,0.9948453608247423,0.9987113402061857,0.9987113402061857,0.9987113402061857,0.9987113402061857,0.9987113402061857,0.9987113402061857,0.9987113402061856,0.9987113402061856,0.9987113402061856,0.9987113402061856,0.9987113402061856,0.9987113402061856,0.9987113402061856,0.9987113402061856,0.9987113402061856,0.9987113402061856,0.9987113402061856,0.9987113402061856,0.9987113402061856,0.9987113402061856,0.9987113402061856,0.9987113402061856,0.9987113402061856,0.9987113402061856,0.9987113402061856,0.9987113402061856,0.9987113402061856,0.9987113402061856,0.9987113402061856,0.9987113402061856],[1.0,2.0760309278350517,2.0760309278350517,2.0760309278350517,2.0760309278350517,2.0760309278350517,2.0760309278350517,2.0760309278350517,2.0760309278350517,2.0760309278350517,2.0760309278350517,2.0760309278350517,2.0760309278350517,2.0760309278350517,2.0760309278350517,2.0760309278350517,2.0760309278350517,2.0760309278350517,2.0760309278350517,2.0760309278350517,2.0760309278350517,2.0760309278350517,2.0760309278350517,2.0760309278350517,2.0760309278350517,2.0760309278350517,2.0760309278350517,2.0760309278350517,2.0760309278350517,2.0760309278350517,2.0760309278350517,2.0760309278350517,2.0760309278350517,2.0760309278350517,2.0760309278350517,2.0760309278350517,2.0760309278350517,2.0760309278350517,2.0760309278350517,2.0760309278350517,2.0760309278350517,2.0760309278350517,2.0760309278350517,2.0760309278350517,2.0760309278350517,2.0760309278350517,2.0760309278350517,2.0760309278350517,2.0760309278350517,2.0760309278350517,2.0760309278350517],[0.5183116076970825,0.004965859714463066,0.004965859714463066,0.002482929857231533,0.002482929857231533,0.002482929857231533,0.002482929857231533,0.002482929857231533,0.002482929857231533,0.002482929857231533,0.002482929857231533,0.002482929857231533,0.002482929857231533,0.002482929857231533,0.002482929857231533,0.002482929857231533,0.002482929857231533,0.002482929857231533,0.0,0.0,0.0,0.0,0.0,0.0,0.0,0.0,0.0,0.0,0.0,0.0,0.0,0.0,0.0,0.0,0.0,0.0,0.0,0.0,0.0,0.0,0.0,0.0,0.0,0.0,0.0,0.0,0.0,0.0,0.0,0.0,0.0],["NaN","NaN","NaN","NaN","NaN","NaN","NaN","NaN","NaN","NaN","NaN","NaN","NaN","NaN","NaN","NaN","NaN","NaN","NaN","NaN","NaN","NaN","NaN","NaN","NaN","NaN","NaN","NaN","NaN","NaN","NaN","NaN","NaN","NaN","NaN","NaN","NaN","NaN","NaN","NaN","NaN","NaN","NaN","NaN","NaN","NaN","NaN","NaN","NaN","NaN","NaN"]]},"training_metrics":{"__meta":{"schema_version":3,"schema_name":"ModelMetricsBinomialV3","schema_type":"ModelMetricsBinomial"},"model":{"__meta":{"schema_version":3,"schema_name":"ModelKeyV3","schema_type":"Key<Model>"},"name":"gbm-553b3c2b-85d8-4181-b4d0-b54d78056a6d","type":"Key<Model>","URL":"/3/Models/gbm-553b3c2b-85d8-4181-b4d0-b54d78056a6d"},"model_checksum":493297604199922830,"frame":{"__meta":{"schema_version":3,"schema_name":"FrameKeyV3","schema_type":"Key<Frame>"},"name":"RTMP_sid_86e8_9","type":"Key<Frame>","URL":"/3/Frames/RTMP_sid_86e8_9"},"frame_checksum":-1880197045114530960,"description":null,"model_category":"Binomial","scoring_time":1570728510653,"predictions":null,"MSE":1.1048350697115452E-4,"RMSE":0.010511113498157773,"nobs":1611,"custom_metric_name":null,"custom_metric_value":0.0,"r2":0.9995574724276254,"logloss":0.004367796415773502,"AUC":1.0,"pr_auc":0.9987113402061856,"Gini":1.0,"mean_per_class_error":0.0,"domain":["0","1"],"cm":{"__meta":{"schema_version":3,"schema_name":"ConfusionMatrixV3","schema_type":"ConfusionMatrix"},"table":{"__meta":{"schema_version":3,"schema_name":"TwoDimTableV3","schema_type":"TwoDimTable"},"name":"Confusion Matrix","description":"Row labels: Actual class; Column labels: Predicted class","columns":[{"__meta":{"schema_version":-1,"schema_name":"ColumnSpecsBase","schema_type":"Iced"},"name":"0","type":"long","format":"%d","description":"0"},{"__meta":{"schema_version":-1,"schema_name":"ColumnSpecsBase","schema_type":"Iced"},"name":"1","type":"long","format":"%d","description":"1"},{"__meta":{"schema_version":-1,"schema_name":"ColumnSpecsBase","schema_type":"Iced"},"name":"Error","type":"double","format":"%.4f","description":"Error"},{"__meta":{"schema_version":-1,"schema_name":"ColumnSpecsBase","schema_type":"Iced"},"name":"Rate","type":"string","format":"= %9s","description":"Rate"}],"rowcount":3,"data":[[835,0,835],[0,776,776],[0.0,0.0,0.0],["0 / 835","0 / 776","0 / 1,611"]]}},"thresholds_and_metric_scores":{"__meta":{"schema_version":3,"schema_name":"TwoDimTableV3","schema_type":"TwoDimTable"},"name":"Metrics for Thresholds","description":"Binomial metrics as a function of classification thresholds","columns":[{"__meta":{"schema_version":-1,"schema_name":"ColumnSpecsBase","schema_type":"Iced"},"name":"threshold","type":"double","format":"%f","description":"Threshold"},{"__meta":{"schema_version":-1,"schema_name":"ColumnSpecsBase","schema_type":"Iced"},"name":"f1","type":"double","format":"%f","description":"f1"},{"__meta":{"schema_version":-1,"schema_name":"ColumnSpecsBase","schema_type":"Iced"},"name":"f2","type":"double","format":"%f","description":"f2"},{"__meta":{"schema_version":-1,"schema_name":"ColumnSpecsBase","schema_type":"Iced"},"name":"f0point5","type":"double","format":"%f","description":"f0point5"},{"__meta":{"schema_version":-1,"schema_name":"ColumnSpecsBase","schema_type":"Iced"},"name":"accuracy","type":"double","format":"%f","description":"accuracy"},{"__meta":{"schema_version":-1,"schema_name":"ColumnSpecsBase","schema_type":"Iced"},"name":"precision","type":"double","format":"%f","description":"precision"},{"__meta":{"schema_version":-1,"schema_name":"ColumnSpecsBase","schema_type":"Iced"},"name":"recall","type":"double","format":"%f","description":"recall"},{"__meta":{"schema_version":-1,"schema_name":"ColumnSpecsBase","schema_type":"Iced"},"name":"specificity","type":"double","format":"%f","description":"specificity"},{"__meta":{"schema_version":-1,"schema_name":"ColumnSpecsBase","schema_type":"Iced"},"name":"absolute_mcc","type":"double","format":"%f","description":"absolute_mcc"},{"__meta":{"schema_version":-1,"schema_name":"ColumnSpecsBase","schema_type":"Iced"},"name":"min_per_class_accuracy","type":"double","format":"%f","description":"min_per_class_accuracy"},{"__meta":{"schema_version":-1,"schema_name":"ColumnSpecsBase","schema_type":"Iced"},"name":"mean_per_class_accuracy","type":"double","format":"%f","description":"mean_per_class_accuracy"},{"__meta":{"schema_version":-1,"schema_name":"ColumnSpecsBase","schema_type":"Iced"},"name":"tns","type":"long","format":"%d","description":"tns"},{"__meta":{"schema_version":-1,"schema_name":"ColumnSpecsBase","schema_type":"Iced"},"name":"fns","type":"long","format":"%d","description":"fns"},{"__meta":{"schema_version":-1,"schema_name":"ColumnSpecsBase","schema_type":"Iced"},"name":"fps","type":"long","format":"%d","description":"fps"},{"__meta":{"schema_version":-1,"schema_name":"ColumnSpecsBase","schema_type":"Iced"},"name":"tps","type":"long","format":"%d","description":"tps"},{"__meta":{"schema_version":-1,"schema_name":"ColumnSpecsBase","schema_type":"Iced"},"name":"tnr","type":"double","format":"%f","description":"tnr"},{"__meta":{"schema_version":-1,"schema_name":"ColumnSpecsBase","schema_type":"Iced"},"name":"fnr","type":"double","format":"%f","description":"fnr"},{"__meta":{"schema_version":-1,"schema_name":"ColumnSpecsBase","schema_type":"Iced"},"name":"fpr","type":"double","format":"%f","description":"fpr"},{"__meta":{"schema_version":-1,"schema_name":"ColumnSpecsBase","schema_type":"Iced"},"name":"tpr","type":"double","format":"%f","description":"tpr"},{"__meta":{"schema_version":-1,"schema_name":"ColumnSpecsBase","schema_type":"Iced"},"name":"idx","type":"int","format":"%d","description":"idx"}],"rowcount":103,"data":[[0.9979633879459148,0.9977526831770481,0.9977497366858864,0.9975169805189457,0.9971829087090835,0.9968917082498534,0.9968876364426758,0.9967048977486053,0.9966459554435955,0.9966454756247726,0.9966365154970214,0.9966348127290919,0.9966348063321003,0.9965857255228057,0.9965766014668488,0.9965748668439759,0.996566015771541,0.9816694910419675,0.9810169067818084,0.9391279268133628,0.9017608637071978,0.8617330429809256,0.135778333366174,0.014928281623170087,0.010388020095841237,0.00881961689368349,0.005952617842776763,0.005624771033725206,0.005271460729880306,0.005055312154376725,0.004923381912469596,0.004919542865619763,0.004919034018664221,0.004915198345373263,0.004708960201346059,0.004599309267833988,0.004597536983617033,0.004557586699759569,0.004555830419209813,0.004353820412171279,0.004352933748543939,0.00432229260584887,0.003931463399628365,0.003921575393870303,0.003920059513332864,0.0039181087231141025,0.003917978456697229,0.003912996215395713,0.003910198219605425,0.0039027410754342074,0.003895573784856333,0.0038811107535753893,0.0038754369850082207,0.003868027503708273,0.003859891355078317,0.003856876527378865,0.00384387465600361,0.0038408741145948737,0.003693654880230784,0.0034953639207744285,0.003491008442299083,0.0034856793571372236,0.0034776819212673014,0.0034572277035721717,0.0034435338411243363,0.0034356327692557217,0.0033879038750365773,0.00338012679866271,0.0033754235390912263,0.0033727874340891565,0.0033587851675740354,0.0031413603926285587,0.003140545204406963,0.0031398555944682953,0.00313781302614341,0.0031378115346127945,0.003137810043082885,0.003136652828916556,0.0031366513379356927,0.003136623009433546,0.0031366215184668138,0.0031366200275007874,0.003136615554606948,0.0031366125726812553,0.003132601461423389,0.003106365630474537,0.003105674644578707,0.003093898353900249,0.0030880885665798066,0.0030874016336777236,0.003086107443404392,0.003083377039709628,0.00306810963752624,0.0030272031881229955,0.003019196463303771,0.0030185262437723783,0.0030168377188768227,0.0030161665874870102,0.0030115415540619157,0.002997316948741615,0.002961786602462423,0.002961783786249747,0.0026647205923708514],[0.002574002574002574,0.010256410256410256,0.017879948914431672,0.020408163265306124,0.02795425667090216,0.032953105196451206,0.03792667509481669,0.062421972534332085,0.30196936542669583,0.34010695187165774,0.767275615567911,0.7922178988326849,0.7996906419180201,0.8170731707317073,0.9701393497013935,0.9889250814332247,0.9915529564652371,0.9928617780661908,0.9941672067401167,0.9967679379444085,0.9987096774193548,1.0,0.9974293059125964,0.9916932907348243,0.9891650732950923,0.9847715736040609,0.9816571790006325,0.9804169298799748,0.9797979797979798,0.9767149150409062,0.9761006289308175,0.9754871150219988,0.9748743718592965,0.9742623979912115,0.9730407523510971,0.968789013732834,0.9657747355320472,0.9627791563275434,0.9598021026592455,0.9568434032059187,0.9326923076923077,0.9310137972405519,0.9304556354916067,0.9298981426003595,0.9293413173652695,0.9276748356246264,0.9271206690561529,0.9260143198090692,0.9254621347644603,0.9232599643069602,0.9221628045157457,0.9216152019002375,0.919976289270895,0.9188869153345175,0.9183431952662721,0.9178001182732111,0.91725768321513,0.9167158889545186,0.911332941867293,0.9102639296187683,0.9097303634232121,0.9086651053864169,0.9070718877849211,0.9065420560747663,0.9060128429655575,0.9054842473745625,0.9049562682215744,0.9044289044289043,0.9033760186263097,0.9028504944735312,0.9023255813953489,0.8971098265895954,0.8924669350201265,0.888888888888889,0.8873642081189251,0.8828213879408419,0.8793201133144476,0.7016274864376131,0.689471346068414,0.6882483370288249,0.6858152894387981,0.6849073256840247,0.6741963509991313,0.6655231560891938,0.6615515771526003,0.6609880749574105,0.6601446193109315,0.659303313508921,0.6587436332767402,0.6584641493423844,0.6573485811096993,0.6565143824027072,0.6562367864693446,0.6548523206751055,0.6543001686340641,0.6540244416350611,0.6537489469250211,0.6534736842105263,0.6523749474569147,0.6521008403361345,0.6518269634607308,0.6512798992866135,0.6501885211562631],[0.0016103059581320449,0.006435006435006435,0.011250401800064286,0.012853470437017993,0.017656500802568215,0.020853384664741736,0.024046168643796086,0.03994886545222115,0.21283158544108574,0.24364082133006434,0.6732645664901031,0.7044007749792416,0.7138911902789284,0.7362637362637363,0.953063885267275,0.9823971006989387,0.9865528833721231,0.9886275523391057,0.9907000774993542,0.9948387096774194,0.9979370809695719,1.0,0.9989701338825953,0.9966606730028256,0.9956376700025659,0.9938524590163934,0.9925812228191352,0.9920736384556381,0.9918200408997955,0.9905539954046463,0.9903011740684021,0.9900484817555498,0.9897959183673469,0.9895434838051518,0.989039000764721,0.9872773536895675,0.9860228716645488,0.9847715736040609,0.9835234474017743,0.9822784810126582,0.9719438877755512,0.9712140175219025,0.9709709709709711,0.9707280460345259,0.9704852426213106,0.9697575606098475,0.9695152423788105,0.969030969030969,0.968789013732834,0.9678223996008982,0.9673398155073548,0.967098703888335,0.9663760896637609,0.9658949464774707,0.9656545545047286,0.9654142821597411,0.9651741293532339,0.9649340959960209,0.962540312577524,0.9620629804116043,0.9618244918195339,0.9613478691774032,0.9606338202525376,0.9603960396039604,0.9601583766394457,0.9599208312716477,0.959683403413307,0.9594460929772501,0.958971824023727,0.9587348653323451,0.958498023715415,0.9561360275998028,0.9540201622817801,0.9523809523809523,0.9516801569781703,0.9495839451786587,0.9479599315905205,0.8546255506607929,0.8473465822231929,0.8466070259655247,0.8451317795687214,0.8445798868088811,0.8380129589632829,0.8326180257510729,0.8301240907145914,0.8297690333618477,0.8292370164565079,0.8287056813327638,0.8283518360375749,0.8281750266808965,0.8274685433994454,0.8269394714407501,0.8267632644363947,0.8258833546189869,0.825531914893617,0.8253563071686876,0.8251807741386643,0.8250053157559004,0.8243042277459104,0.8241291418861512,0.8239541303886175,0.8236043302908086,0.8229056203605516],[0.00641025641025641,0.025252525252525252,0.0435323383084577,0.0495049504950495,0.06707317073170731,0.0785024154589372,0.08971291866028709,0.14269406392694062,0.5195783132530121,0.5630311614730877,0.8918020679468243,0.9050497866287339,0.9089310829817159,0.9178082191780822,0.9878378378378377,0.9955403987408183,0.9966039707419017,0.9971324296141816,0.9976586888657647,0.9987046632124351,0.9994834710743802,1.0,0.9958932238193019,0.9867751780264497,0.9827760891590678,0.9758551307847082,0.970970970970971,0.9690309690309691,0.968063872255489,0.9632571996027804,0.9623015873015872,0.9613478691774034,0.9603960396039604,0.9594460929772503,0.9575518262586377,0.9509803921568628,0.9463414634146342,0.9417475728155339,0.9371980676328503,0.9326923076923077,0.8964879852125693,0.8940092165898618,0.8931860036832411,0.8923643054277829,0.8915441176470589,0.8890925756186985,0.8882783882783882,0.886654478976234,0.8858447488584474,0.8826205641492267,0.8810172570390554,0.8802177858439201,0.8778280542986425,0.8762420957542909,0.8754512635379061,0.8746618575293056,0.8738738738738738,0.873087308730873,0.8652988403211418,0.8637577916295637,0.8629893238434164,0.8614564831261101,0.8591674047829937,0.8584070796460178,0.8576480990274093,0.8568904593639576,0.8561341571050308,0.855379188712522,0.8538732394366197,0.853122251539138,0.8523725834797892,0.8449477351916376,0.8383751080380294,0.8333333333333334,0.8311910882604969,0.8248299319727892,0.819949281487743,0.5950920245398772,0.5811863391252248,0.5797967722653915,0.57703747769185,0.5760095011876484,0.563953488372093,0.5542857142857143,0.5498866213151927,0.549263873159683,0.5483323911814584,0.5474040632054176,0.5467869222096956,0.5464788732394366,0.5452501405283867,0.5443322109988776,0.5440269209197981,0.5425055928411633,0.541899441340782,0.5415968732551647,0.5412946428571428,0.5409927495817066,0.5397885364496383,0.5394883203559511,0.5391884380211228,0.5385896724042198,0.5373961218836566],[0.5189323401613904,0.520794537554314,0.5226567349472377,0.5232774674115456,0.5251396648044693,0.526381129733085,0.5276225946617008,0.5338299193047796,0.6039726877715704,0.617008069522036,0.8181253879577902,0.8342644320297952,0.8392302917442582,0.851024208566108,0.9720670391061452,0.9894475481067659,0.9919304779639975,0.9931719428926132,0.994413407821229,0.9968963376784605,0.9987585350713842,1.0,0.9975170701427685,0.9919304779639975,0.9894475481067659,0.9851024208566108,0.9819987585350713,0.9807572936064556,0.9801365611421478,0.9770328988206083,0.9764121663563005,0.9757914338919925,0.9751707014276847,0.9745499689633768,0.973308504034761,0.9689633767846059,0.9658597144630664,0.962756052141527,0.9596523898199876,0.9565487274984482,0.930477963997517,0.9286157666045934,0.9279950341402855,0.9273743016759777,0.9267535692116697,0.9248913718187461,0.9242706393544382,0.9230291744258224,0.9224084419615146,0.9199255121042831,0.9186840471756673,0.9180633147113594,0.9162011173184358,0.91495965238982,0.9143389199255121,0.9137181874612043,0.9130974549968963,0.9124767225325885,0.9062693978895097,0.9050279329608939,0.904407200496586,0.9031657355679702,0.9013035381750466,0.9006828057107387,0.9000620732464308,0.8994413407821229,0.8988206083178151,0.8981998758535071,0.8969584109248914,0.8963376784605835,0.8957169459962756,0.8895096213531968,0.8839230291744258,0.8795779019242707,0.877715704531347,0.8721291123525761,0.8677839851024208,0.590316573556797,0.5661080074487895,0.563625077591558,0.5586592178770949,0.5567970204841713,0.5344506517690876,0.515828677839851,0.5071384233395406,0.5058969584109249,0.5040347610180013,0.5021725636250776,0.5009310986964618,0.500310366232154,0.4978274363749224,0.49596523898199874,0.49534450651769085,0.49224084419615144,0.4909993792675357,0.4903786468032278,0.4897579143389199,0.489137181874612,0.4866542520173805,0.4860335195530726,0.48541278708876473,0.48417132216014896,0.48168839230291743],[1.0,1.0,1.0,1.0,1.0,1.0,1.0,1.0,1.0,1.0,1.0,1.0,1.0,1.0,1.0,1.0,1.0,1.0,1.0,1.0,1.0,1.0,0.9948717948717949,0.9835234474017744,0.978562421185372,0.97,0.9639751552795031,0.9615861214374225,0.9603960396039604,0.9544895448954489,0.9533169533169533,0.9521472392638037,0.9509803921568627,0.9498164014687882,0.9474969474969475,0.9394673123486683,0.9338146811070999,0.9282296650717703,0.9227110582639715,0.91725768321513,0.8738738738738738,0.8709315375982043,0.8699551569506726,0.8689809630459127,0.8680089485458613,0.8651059085841695,0.8641425389755011,0.8622222222222222,0.8612652608213096,0.8574585635359117,0.8555678059536935,0.8546255506607929,0.8518111964873765,0.8499452354874042,0.849015317286652,0.848087431693989,0.8471615720524017,0.8462377317339149,0.837108953613808,0.8353067814854682,0.8344086021505376,0.8326180257510729,0.8299465240641711,0.8290598290598291,0.8281750266808965,0.8272921108742004,0.8264110756123536,0.825531914893617,0.8237791932059448,0.8229056203605515,0.8220338983050848,0.8134171907756813,0.8058151609553479,0.8,0.7975334018499486,0.790224032586558,0.7846309403437816,0.5403899721448467,0.5261016949152543,0.5246788370520622,0.5218560860793544,0.5208053691275167,0.508519003931848,0.4987146529562982,0.4942675159235669,0.49363867684478374,0.4926984126984127,0.4917617237008872,0.4911392405063291,0.49082858950031627,0.489589905362776,0.48866498740554154,0.4883574575204531,0.4868255959849435,0.48621553884711777,0.4859110832811522,0.4856070087609512,0.48530331457160725,0.4840923268870867,0.4837905236907731,0.4834890965732087,0.48288736776602365,0.48168839230291743],[0.001288659793814433,0.005154639175257732,0.00902061855670103,0.010309278350515464,0.014175257731958763,0.01675257731958763,0.019329896907216496,0.03221649484536082,0.17783505154639176,0.20489690721649484,0.6224226804123711,0.6559278350515464,0.6662371134020618,0.6907216494845361,0.9420103092783505,0.9780927835051546,0.9832474226804123,0.9858247422680413,0.9884020618556701,0.9935567010309279,0.9974226804123711,1.0,1.0,1.0,1.0,1.0,1.0,1.0,1.0,1.0,1.0,1.0,1.0,1.0,1.0,1.0,1.0,1.0,1.0,1.0,1.0,1.0,1.0,1.0,1.0,1.0,1.0,1.0,1.0,1.0,1.0,1.0,1.0,1.0,1.0,1.0,1.0,1.0,1.0,1.0,1.0,1.0,1.0,1.0,1.0,1.0,1.0,1.0,1.0,1.0,1.0,1.0,1.0,1.0,1.0,1.0,1.0,1.0,1.0,1.0,1.0,1.0,1.0,1.0,1.0,1.0,1.0,1.0,1.0,1.0,1.0,1.0,1.0,1.0,1.0,1.0,1.0,1.0,1.0,1.0,1.0,1.0,1.0],[1.0,1.0,1.0,1.0,1.0,1.0,1.0,1.0,1.0,1.0,1.0,1.0,1.0,1.0,1.0,1.0,1.0,1.0,1.0,1.0,1.0,1.0,0.9952095808383233,0.9844311377245509,0.9796407185628743,0.9712574850299401,0.9652694610778443,0.962874251497006,0.9616766467065868,0.9556886227544911,0.9544910179640719,0.9532934131736527,0.9520958083832335,0.9508982035928144,0.948502994011976,0.9401197604790419,0.9341317365269461,0.9281437125748503,0.9221556886227545,0.9161676646706587,0.8658682634730539,0.8622754491017964,0.8610778443113772,0.859880239520958,0.858682634730539,0.8550898203592814,0.8538922155688623,0.8514970059880239,0.8502994011976048,0.8455089820359282,0.8431137724550898,0.8419161676646707,0.8383233532934131,0.8359281437125748,0.8347305389221557,0.8335329341317366,0.8323353293413174,0.8311377245508982,0.8191616766467066,0.8167664670658683,0.8155688622754491,0.8131736526946107,0.8095808383233533,0.8083832335329342,0.807185628742515,0.8059880239520958,0.8047904191616766,0.8035928143712575,0.8011976047904191,0.8,0.7988023952095809,0.7868263473053893,0.7760479041916167,0.7676646706586826,0.7640718562874251,0.7532934131736527,0.7449101796407186,0.20958083832335328,0.162874251497006,0.15808383233532936,0.14850299401197606,0.14491017964071856,0.10179640718562874,0.0658682634730539,0.04910179640718563,0.046706586826347304,0.04311377245508982,0.03952095808383234,0.037125748502994015,0.03592814371257485,0.031137724550898204,0.027544910179640718,0.026347305389221556,0.02035928143712575,0.017964071856287425,0.016766467065868262,0.015568862275449102,0.01437125748502994,0.009580838323353293,0.008383233532934131,0.00718562874251497,0.004790419161676647,0.0],[0.02585231500662746,0.05175286945464161,0.06852660483602313,0.07328086877510694,0.08600995656821353,0.09356117466885805,0.10056377394483901,0.13023592230132727,0.31750498394154975,0.3432635037500067,0.678783680997816,0.7049859649450814,0.7130976211344209,0.7324711771896351,0.9454307629614606,0.9790693783813497,0.9839583599788865,0.9864110147720424,0.9888691669996175,0.9938021297263359,0.9975165926548091,1.0,0.9950406735215548,0.9839771878984296,0.9791014214312345,0.9706285388752187,0.9646220910953043,0.9622299709159798,0.9610361298497695,0.9550888956503957,0.9539038050107078,0.9527201538550878,0.9515379368302626,0.9503571486023884,0.9479998372985423,0.9397934797938957,0.9339731953631922,0.9281866878283823,0.9224333316469235,0.9167125119318621,0.869861858955571,0.8665926855907622,0.8655051191036659,0.8644186246507373,0.8633331980800025,0.8600832843178563,0.8590020879911134,0.8568428331488587,0.8557647664800523,0.8514628102232287,0.849317961936955,0.8482470562286931,0.845040365078599,0.8429075530319639,0.8418426298019435,0.8407786898703721,0.8397157293272194,0.8386537442725929,0.8280866947236002,0.8259846056858731,0.8249349515742207,0.8228384053381171,0.8197004347415127,0.8186562559509616,0.817612976670667,0.8165705931973395,0.8155291018362976,0.8144884989013996,0.8124099436077742,0.8113719839188688,0.8103348979956193,0.800011298078621,0.7907914812548426,0.7836655769695043,0.7806233578382825,0.7715377882378646,0.7645126386941895,0.33653437177151835,0.29272584404290003,0.28799868282065766,0.27838317338904595,0.27471803653586196,0.2275201256721628,0.1812442224149451,0.1557864658356571,0.15184260838412283,0.145746654349468,0.13940909034068008,0.13503300308809496,0.13279518101876955,0.1234694926533937,0.11601824505663283,0.11343237224176868,0.09955611141187638,0.09345807015711984,0.09026080087598275,0.08695026532099862,0.08351298636767249,0.06810293912512932,0.06368460521287898,0.05894211693711929,0.048096079876409445,0.0],[0.001288659793814433,0.005154639175257732,0.00902061855670103,0.010309278350515464,0.014175257731958763,0.01675257731958763,0.019329896907216496,0.03221649484536082,0.17783505154639176,0.20489690721649484,0.6224226804123711,0.6559278350515464,0.6662371134020618,0.6907216494845361,0.9420103092783505,0.9780927835051546,0.9832474226804123,0.9858247422680413,0.9884020618556701,0.9935567010309279,0.9974226804123711,1.0,0.9952095808383233,0.9844311377245509,0.9796407185628743,0.9712574850299401,0.9652694610778443,0.962874251497006,0.9616766467065868,0.9556886227544911,0.9544910179640719,0.9532934131736527,0.9520958083832335,0.9508982035928144,0.948502994011976,0.9401197604790419,0.9341317365269461,0.9281437125748503,0.9221556886227545,0.9161676646706587,0.8658682634730539,0.8622754491017964,0.8610778443113772,0.859880239520958,0.858682634730539,0.8550898203592814,0.8538922155688623,0.8514970059880239,0.8502994011976048,0.8455089820359282,0.8431137724550898,0.8419161676646707,0.8383233532934131,0.8359281437125748,0.8347305389221557,0.8335329341317366,0.8323353293413174,0.8311377245508982,0.8191616766467066,0.8167664670658683,0.8155688622754491,0.8131736526946107,0.8095808383233533,0.8083832335329342,0.807185628742515,0.8059880239520958,0.8047904191616766,0.8035928143712575,0.8011976047904191,0.8,0.7988023952095809,0.7868263473053893,0.7760479041916167,0.7676646706586826,0.7640718562874251,0.7532934131736527,0.7449101796407186,0.20958083832335328,0.162874251497006,0.15808383233532936,0.14850299401197606,0.14491017964071856,0.10179640718562874,0.0658682634730539,0.04910179640718563,0.046706586826347304,0.04311377245508982,0.03952095808383234,0.037125748502994015,0.03592814371257485,0.031137724550898204,0.027544910179640718,0.026347305389221556,0.02035928143712575,0.017964071856287425,0.016766467065868262,0.015568862275449102,0.01437125748502994,0.009580838323353293,0.008383233532934131,0.00718562874251497,0.004790419161676647,0.0],[0.5006443298969072,0.5025773195876289,0.5045103092783505,0.5051546391752577,0.5070876288659794,0.5083762886597938,0.5096649484536082,0.5161082474226804,0.5889175257731959,0.6024484536082474,0.8112113402061856,0.8279639175257731,0.8331185567010309,0.845360824742268,0.9710051546391752,0.9890463917525774,0.9916237113402062,0.9929123711340206,0.9942010309278351,0.9967783505154639,0.9987113402061856,1.0,0.9976047904191616,0.9922155688622755,0.9898203592814372,0.9856287425149701,0.9826347305389221,0.9814371257485031,0.9808383233532934,0.9778443113772455,0.977245508982036,0.9766467065868263,0.9760479041916168,0.9754491017964072,0.974251497005988,0.9700598802395209,0.9670658682634731,0.9640718562874251,0.9610778443113772,0.9580838323353293,0.932934131736527,0.9311377245508983,0.9305389221556886,0.9299401197604791,0.9293413173652695,0.9275449101796407,0.9269461077844312,0.925748502994012,0.9251497005988024,0.9227544910179641,0.921556886227545,0.9209580838323354,0.9191616766467066,0.9179640718562874,0.9173652694610779,0.9167664670658683,0.9161676646706587,0.9155688622754491,0.9095808383233532,0.9083832335329342,0.9077844311377246,0.9065868263473054,0.9047904191616767,0.9041916167664671,0.9035928143712575,0.9029940119760479,0.9023952095808383,0.9017964071856288,0.9005988023952096,0.9,0.8994011976047904,0.8934131736526947,0.8880239520958084,0.8838323353293414,0.8820359281437126,0.8766467065868264,0.8724550898203594,0.6047904191616766,0.581437125748503,0.5790419161676646,0.574251497005988,0.5724550898203593,0.5508982035928144,0.5329341317365269,0.5245508982035928,0.5233532934131736,0.5215568862275449,0.5197604790419161,0.518562874251497,0.5179640718562875,0.5155688622754491,0.5137724550898204,0.5131736526946108,0.5101796407185629,0.5089820359281437,0.5083832335329341,0.5077844311377245,0.5071856287425149,0.5047904191616767,0.5041916167664671,0.5035928143712575,0.5023952095808383,0.5],[835,835,835,835,835,835,835,835,835,835,835,835,835,835,835,835,835,835,835,835,835,835,831,822,818,811,806,804,803,798,797,796,795,794,792,785,780,775,770,765,723,720,719,718,717,714,713,711,710,706,704,703,700,698,697,696,695,694,684,682,681,679,676,675,674,673,672,671,669,668,667,657,648,641,638,629,622,175,136,132,124,121,85,55,41,39,36,33,31,30,26,23,22,17,15,14,13,12,8,7,6,4,0],[775,772,769,768,765,763,761,751,638,617,293,267,259,240,45,17,13,11,9,5,2,0,0,0,0,0,0,0,0,0,0,0,0,0,0,0,0,0,0,0,0,0,0,0,0,0,0,0,0,0,0,0,0,0,0,0,0,0,0,0,0,0,0,0,0,0,0,0,0,0,0,0,0,0,0,0,0,0,0,0,0,0,0,0,0,0,0,0,0,0,0,0,0,0,0,0,0,0,0,0,0,0,0],[0,0,0,0,0,0,0,0,0,0,0,0,0,0,0,0,0,0,0,0,0,0,4,13,17,24,29,31,32,37,38,39,40,41,43,50,55,60,65,70,112,115,116,117,118,121,122,124,125,129,131,132,135,137,138,139,140,141,151,153,154,156,159,160,161,162,163,164,166,167,168,178,187,194,197,206,213,660,699,703,711,714,750,780,794,796,799,802,804,805,809,812,813,818,820,821,822,823,827,828,829,831,835],[1,4,7,8,11,13,15,25,138,159,483,509,517,536,731,759,763,765,767,771,774,776,776,776,776,776,776,776,776,776,776,776,776,776,776,776,776,776,776,776,776,776,776,776,776,776,776,776,776,776,776,776,776,776,776,776,776,776,776,776,776,776,776,776,776,776,776,776,776,776,776,776,776,776,776,776,776,776,776,776,776,776,776,776,776,776,776,776,776,776,776,776,776,776,776,776,776,776,776,776,776,776,776],[1.0,1.0,1.0,1.0,1.0,1.0,1.0,1.0,1.0,1.0,1.0,1.0,1.0,1.0,1.0,1.0,1.0,1.0,1.0,1.0,1.0,1.0,0.9952095808383233,0.9844311377245509,0.9796407185628743,0.9712574850299401,0.9652694610778443,0.962874251497006,0.9616766467065868,0.9556886227544911,0.9544910179640719,0.9532934131736527,0.9520958083832335,0.9508982035928144,0.948502994011976,0.9401197604790419,0.9341317365269461,0.9281437125748503,0.9221556886227545,0.9161676646706587,0.8658682634730539,0.8622754491017964,0.8610778443113772,0.859880239520958,0.858682634730539,0.8550898203592814,0.8538922155688623,0.8514970059880239,0.8502994011976048,0.8455089820359282,0.8431137724550898,0.8419161676646707,0.8383233532934131,0.8359281437125748,0.8347305389221557,0.8335329341317366,0.8323353293413174,0.8311377245508982,0.8191616766467066,0.8167664670658683,0.8155688622754491,0.8131736526946107,0.8095808383233533,0.8083832335329342,0.807185628742515,0.8059880239520958,0.8047904191616766,0.8035928143712575,0.8011976047904191,0.8,0.7988023952095809,0.7868263473053893,0.7760479041916167,0.7676646706586826,0.7640718562874251,0.7532934131736527,0.7449101796407186,0.20958083832335328,0.162874251497006,0.15808383233532936,0.14850299401197606,0.14491017964071856,0.10179640718562874,0.0658682634730539,0.04910179640718563,0.046706586826347304,0.04311377245508982,0.03952095808383234,0.037125748502994015,0.03592814371257485,0.031137724550898204,0.027544910179640718,0.026347305389221556,0.02035928143712575,0.017964071856287425,0.016766467065868262,0.015568862275449102,0.01437125748502994,0.009580838323353293,0.008383233532934131,0.00718562874251497,0.004790419161676647,0.0],[0.9987113402061856,0.9948453608247423,0.990979381443299,0.9896907216494846,0.9858247422680413,0.9832474226804123,0.9806701030927835,0.9677835051546392,0.8221649484536082,0.7951030927835051,0.37757731958762886,0.3440721649484536,0.3337628865979381,0.30927835051546393,0.05798969072164949,0.02190721649484536,0.01675257731958763,0.014175257731958763,0.011597938144329897,0.006443298969072165,0.002577319587628866,0.0,0.0,0.0,0.0,0.0,0.0,0.0,0.0,0.0,0.0,0.0,0.0,0.0,0.0,0.0,0.0,0.0,0.0,0.0,0.0,0.0,0.0,0.0,0.0,0.0,0.0,0.0,0.0,0.0,0.0,0.0,0.0,0.0,0.0,0.0,0.0,0.0,0.0,0.0,0.0,0.0,0.0,0.0,0.0,0.0,0.0,0.0,0.0,0.0,0.0,0.0,0.0,0.0,0.0,0.0,0.0,0.0,0.0,0.0,0.0,0.0,0.0,0.0,0.0,0.0,0.0,0.0,0.0,0.0,0.0,0.0,0.0,0.0,0.0,0.0,0.0,0.0,0.0,0.0,0.0,0.0,0.0],[0.0,0.0,0.0,0.0,0.0,0.0,0.0,0.0,0.0,0.0,0.0,0.0,0.0,0.0,0.0,0.0,0.0,0.0,0.0,0.0,0.0,0.0,0.004790419161676647,0.015568862275449102,0.02035928143712575,0.02874251497005988,0.03473053892215569,0.037125748502994015,0.03832335329341317,0.04431137724550898,0.045508982035928146,0.046706586826347304,0.04790419161676647,0.04910179640718563,0.05149700598802395,0.059880239520958084,0.0658682634730539,0.0718562874251497,0.07784431137724551,0.08383233532934131,0.1341317365269461,0.1377245508982036,0.13892215568862276,0.14011976047904193,0.14131736526946106,0.14491017964071856,0.14610778443113773,0.14850299401197606,0.1497005988023952,0.15449101796407186,0.1568862275449102,0.15808383233532936,0.16167664670658682,0.16407185628742516,0.16526946107784432,0.1664670658682635,0.16766467065868262,0.1688622754491018,0.18083832335329342,0.18323353293413175,0.1844311377245509,0.18682634730538922,0.19041916167664671,0.19161676646706588,0.19281437125748502,0.19401197604790418,0.19520958083832335,0.19640718562874251,0.19880239520958085,0.2,0.20119760479041915,0.21317365269461078,0.22395209580838324,0.23233532934131737,0.23592814371257484,0.2467065868263473,0.25508982035928146,0.7904191616766467,0.837125748502994,0.8419161676646707,0.8514970059880239,0.8550898203592814,0.8982035928143712,0.9341317365269461,0.9508982035928144,0.9532934131736527,0.9568862275449102,0.9604790419161676,0.962874251497006,0.9640718562874252,0.9688622754491018,0.9724550898203593,0.9736526946107784,0.9796407185628743,0.9820359281437125,0.9832335329341317,0.9844311377245509,0.98562874251497,0.9904191616766467,0.9916167664670659,0.9928143712574851,0.9952095808383233,1.0],[0.001288659793814433,0.005154639175257732,0.00902061855670103,0.010309278350515464,0.014175257731958763,0.01675257731958763,0.019329896907216496,0.03221649484536082,0.17783505154639176,0.20489690721649484,0.6224226804123711,0.6559278350515464,0.6662371134020618,0.6907216494845361,0.9420103092783505,0.9780927835051546,0.9832474226804123,0.9858247422680413,0.9884020618556701,0.9935567010309279,0.9974226804123711,1.0,1.0,1.0,1.0,1.0,1.0,1.0,1.0,1.0,1.0,1.0,1.0,1.0,1.0,1.0,1.0,1.0,1.0,1.0,1.0,1.0,1.0,1.0,1.0,1.0,1.0,1.0,1.0,1.0,1.0,1.0,1.0,1.0,1.0,1.0,1.0,1.0,1.0,1.0,1.0,1.0,1.0,1.0,1.0,1.0,1.0,1.0,1.0,1.0,1.0,1.0,1.0,1.0,1.0,1.0,1.0,1.0,1.0,1.0,1.0,1.0,1.0,1.0,1.0,1.0,1.0,1.0,1.0,1.0,1.0,1.0,1.0,1.0,1.0,1.0,1.0,1.0,1.0,1.0,1.0,1.0,1.0],[0,1,2,3,4,5,6,7,8,9,10,11,12,13,14,15,16,17,18,19,20,21,22,23,24,25,26,27,28,29,30,31,32,33,34,35,36,37,38,39,40,41,42,43,44,45,46,47,48,49,50,51,52,53,54,55,56,57,58,59,60,61,62,63,64,65,66,67,68,69,70,71,72,73,74,75,76,77,78,79,80,81,82,83,84,85,86,87,88,89,90,91,92,93,94,95,96,97,98,99,100,101,102]]},"max_criteria_and_metric_scores":{"__meta":{"schema_version":3,"schema_name":"TwoDimTableV3","schema_type":"TwoDimTable"},"name":"Maximum Metrics","description":"Maximum metrics at their respective thresholds","columns":[{"__meta":{"schema_version":-1,"schema_name":"ColumnSpecsBase","schema_type":"Iced"},"name":"metric","type":"string","format":"%s","description":"Metric"},{"__meta":{"schema_version":-1,"schema_name":"ColumnSpecsBase","schema_type":"Iced"},"name":"threshold","type":"double","format":"%f","description":"Threshold"},{"__meta":{"schema_version":-1,"schema_name":"ColumnSpecsBase","schema_type":"Iced"},"name":"value","type":"double","format":"%f","description":"Value"},{"__meta":{"schema_version":-1,"schema_name":"ColumnSpecsBase","schema_type":"Iced"},"name":"idx","type":"long","format":"%d","description":"idx"}],"rowcount":18,"data":[["max f1","max f2","max f0point5","max accuracy","max precision","max recall","max specificity","max absolute_mcc","max min_per_class_accuracy","max mean_per_class_accuracy","max tns","max fns","max fps","max tps","max tnr","max fnr","max fpr","max tpr"],[0.8617330429809256,0.8617330429809256,0.8617330429809256,0.8617330429809256,0.9979633879459148,0.8617330429809256,0.9979633879459148,0.8617330429809256,0.8617330429809256,0.8617330429809256,0.9979633879459148,0.9979633879459148,0.0026647205923708514,0.8617330429809256,0.9979633879459148,0.9979633879459148,0.0026647205923708514,0.8617330429809256],[1.0,1.0,1.0,1.0,1.0,1.0,1.0,1.0,1.0,1.0,835.0,775.0,835.0,776.0,1.0,0.9987113402061856,1.0,1.0],[21,21,21,21,0,21,0,21,21,21,0,0,102,21,0,0,102,21]]},"gains_lift_table":{"__meta":{"schema_version":3,"schema_name":"TwoDimTableV3","schema_type":"TwoDimTable"},"name":"Gains/Lift Table","description":"Avg response rate: 48.17 %, avg score: 48.17 %","columns":[{"__meta":{"schema_version":-1,"schema_name":"ColumnSpecsBase","schema_type":"Iced"},"name":"","type":"string","format":"%s","description":""},{"__meta":{"schema_version":-1,"schema_name":"ColumnSpecsBase","schema_type":"Iced"},"name":"group","type":"int","format":"%d","description":"Group"},{"__meta":{"schema_version":-1,"schema_name":"ColumnSpecsBase","schema_type":"Iced"},"name":"cumulative_data_fraction","type":"double","format":"%.8f","description":"Cumulative Data Fraction"},{"__meta":{"schema_version":-1,"schema_name":"ColumnSpecsBase","schema_type":"Iced"},"name":"lower_threshold","type":"double","format":"%5f","description":"Lower Threshold"},{"__meta":{"schema_version":-1,"schema_name":"ColumnSpecsBase","schema_type":"Iced"},"name":"lift","type":"double","format":"%5f","description":"Lift"},{"__meta":{"schema_version":-1,"schema_name":"ColumnSpecsBase","schema_type":"Iced"},"name":"cumulative_lift","type":"double","format":"%5f","description":"Cumulative Lift"},{"__meta":{"schema_version":-1,"schema_name":"ColumnSpecsBase","schema_type":"Iced"},"name":"response_rate","type":"double","format":"%5f","description":"Response Rate"},{"__meta":{"schema_version":-1,"schema_name":"ColumnSpecsBase","schema_type":"Iced"},"name":"score","type":"double","format":"%5f","description":"Score"},{"__meta":{"schema_version":-1,"schema_name":"ColumnSpecsBase","schema_type":"Iced"},"name":"cumulative_response_rate","type":"double","format":"%5f","description":"Cumulative Response Rate"},{"__meta":{"schema_version":-1,"schema_name":"ColumnSpecsBase","schema_type":"Iced"},"name":"cumulative_score","type":"double","format":"%5f","description":"Cumulative Score"},{"__meta":{"schema_version":-1,"schema_name":"ColumnSpecsBase","schema_type":"Iced"},"name":"capture_rate","type":"double","format":"%5f","description":"Capture Rate"},{"__meta":{"schema_version":-1,"schema_name":"ColumnSpecsBase","schema_type":"Iced"},"name":"cumulative_capture_rate","type":"double","format":"%5f","description":"Cumulative Capture Rate"},{"__meta":{"schema_version":-1,"schema_name":"ColumnSpecsBase","schema_type":"Iced"},"name":"gain","type":"double","format":"%5f","description":"Gain"},{"__meta":{"schema_version":-1,"schema_name":"ColumnSpecsBase","schema_type":"Iced"},"name":"cumulative_gain","type":"double","format":"%5f","description":"Cumulative Gain"}],"rowcount":10,"data":[["","","","","","","","","",""],[1,2,3,4,5,6,7,8,9,10],[0.015518311607697082,0.0856610800744879,0.29981378026070765,0.3159528243327126,0.4537554314090627,0.5009310986964618,0.6021104903786468,0.8913718187461204,0.9155803848541278,1.0],[0.9967048977486054,0.9966459554435954,0.9966365154970213,0.9966348127290919,0.9965766014668487,0.005624771033725206,0.0031398555944682953,0.0031366528289165562,0.0031366513379356936,0.0026647205923708514],[2.0760309278350517,2.0760309278350517,2.0760309278350517,2.0760309278350517,2.0760309278350517,1.2292288388497015,0.0,0.0,0.0,0.0],[2.0760309278350517,2.0760309278350517,2.0760309278350517,2.0760309278350517,2.0760309278350517,1.9962825278810408,1.6608247422680413,1.121866295264624,1.0922033898305086,1.0],[1.0,1.0,1.0,1.0,1.0,0.5921052631578947,0.0,0.0,0.0,0.0],[0.997125760842081,0.9966459554435958,0.9966370608961017,0.9966348127290919,0.9965794798271423,0.5897732027986269,0.0040260611333395495,0.0031367000594790255,0.0031366513379356927,0.003099070886429968],[1.0,1.0,1.0,1.0,1.0,0.9615861214374225,0.8,0.5403899721448467,0.5261016949152543,0.48168839230291743],[0.997125760842081,0.9967328767114374,0.9966644368433405,0.9966629236272886,0.9966375822816901,0.958320738612901,0.7979598804385004,0.5400297954408514,0.5258339767154184,0.48170489714202147],[0.03221649484536082,0.14561855670103094,0.44458762886597936,0.03350515463917526,0.2860824742268041,0.05798969072164949,0.0,0.0,0.0,0.0],[0.03221649484536082,0.17783505154639176,0.6224226804123711,0.6559278350515464,0.9420103092783505,1.0,1.0,1.0,1.0,1.0],[107.60309278350518,107.60309278350518,107.60309278350518,107.60309278350518,107.60309278350518,22.922883884970148,-100.0,-100.0,-100.0,-100.0],[107.60309278350518,107.60309278350518,107.60309278350518,107.60309278350518,107.60309278350518,99.62825278810408,66.08247422680414,12.18662952646239,9.220338983050858,0.0]]}},"validation_metrics":null,"cross_validation_metrics":null,"cross_validation_metrics_summary":null,"status":null,"start_time":1570728509685,"end_time":1570728510659,"run_time":974,"help":{"validation_metrics":"Validation data model metrics", "cross_validation_metrics_summary":"Cross-validation model metrics summary", "run_time":"Runtime in milliseconds", "status":"Job status", "domains":"Domains for categorical columns", "model_category":"Category of the model (e.g., Binomial)", "__meta":"Metadata on this schema instance, to make it self-describing.", "variable_importances":"Variable Importances", "model_summary":"Model summary", "scoring_history":"Scoring history", "help":"Help information for output fields", "end_time":"End time in milliseconds", "names":"Column names", "column_types":"Column types", "cross_validation_fold_assignment_frame_id":"Cross-validation fold assignment (each row is assigned to one holdout fold)", "start_time":"Start time in milliseconds", "training_metrics":"Training data model metrics", "cross_validation_models":"Cross-validation models (model ids)", "cross_validation_metrics":"Cross-validation model metrics", "cross_validation_predictions":"Cross-validation predictions, one per cv model (deprecated, use cross_validation_holdout_predictions_frame_id instead)", "init_f":"The Intercept term, the initial model function value to which trees make adjustments", "cross_validation_holdout_predictions_frame_id":"Cross-validation holdout predictions (full out-of-sample predictions on training data)"},"variable_importances":{"__meta":{"schema_version":3,"schema_name":"TwoDimTableV3","schema_type":"TwoDimTable"},"name":"Variable Importances","description":"","columns":[{"__meta":{"schema_version":-1,"schema_name":"ColumnSpecsBase","schema_type":"Iced"},"name":"variable","type":"string","format":"%s","description":"Variable"},{"__meta":{"schema_version":-1,"schema_name":"ColumnSpecsBase","schema_type":"Iced"},"name":"relative_importance","type":"double","format":"%5f","description":"Relative Importance"},{"__meta":{"schema_version":-1,"schema_name":"ColumnSpecsBase","schema_type":"Iced"},"name":"scaled_importance","type":"double","format":"%5f","description":"Scaled Importance"},{"__meta":{"schema_version":-1,"schema_name":"ColumnSpecsBase","schema_type":"Iced"},"name":"percentage","type":"double","format":"%5f","description":"Percentage"}],"rowcount":115,"data":[["C30","C57","C61","C110","C25","C24","C68","C22","C37","C66","C21","C117","C121","C52","C40","C80","C20","C118","C123","C28","C59","C10","C65","C107","C11","C106","C119","C70","C93","C100","C2","C120","C62","C33","C69","C43","C54","C4","C8","C12","C49","C3","C5","C6","C7","C13","C14","C15","C16","C17","C18","C19","C23","C26","C27","C29","C31","C32","C35","C38","C41","C42","C44","C45","C46","C47","C48","C50","C51","C53","C55","C56","C63","C64","C67","C71","C72","C73","C74","C75","C76","C77","C78","C79","C81","C82","C83","C84","C85","C86","C87","C88","C91","C92","C94","C95","C96","C97","C99","C101","C102","C103","C108","C109","C111","C112","C113","C114","C115","C116","C122","C124","C125","C126","C127"],[1345.842041015625,357.71783447265625,160.25732421875,96.85265350341797,62.88302993774414,54.38322830200195,32.37893295288086,18.038921356201172,5.184633255004883,2.473207473754883,2.1849148273468018,2.0966970920562744,1.9386366605758667,1.7502338886260986,1.42088782787323,1.1899133920669556,0.6917209625244141,0.656028151512146,0.6249059438705444,0.6004694104194641,0.45165184140205383,0.3834260106086731,0.29256391525268555,0.11035825312137604,0.10688585788011551,0.10592705011367798,0.09415163099765778,0.06753118336200714,0.037291742861270905,0.012683235108852386,0.005375270266085863,0.0052160900086164474,0.003947220742702484,0.0021001084242016077,8.129777852445841E-4,9.526055509923026E-5,2.1733868038609216E-9,1.1639526148465862E-11,5.801290003937254E-12,1.2443134630307773E-12,1.025825258071933E-12,0.0,0.0,0.0,0.0,0.0,0.0,0.0,0.0,0.0,0.0,0.0,0.0,0.0,0.0,0.0,0.0,0.0,0.0,0.0,0.0,0.0,0.0,0.0,0.0,0.0,0.0,0.0,0.0,0.0,0.0,0.0,0.0,0.0,0.0,0.0,0.0,0.0,0.0,0.0,0.0,0.0,0.0,0.0,0.0,0.0,0.0,0.0,0.0,0.0,0.0,0.0,0.0,0.0,0.0,0.0,0.0,0.0,0.0,0.0,0.0,0.0,0.0,0.0,0.0,0.0,0.0,0.0,0.0,0.0,0.0,0.0,0.0,0.0,0.0],[1.0,0.26579481363407875,0.11907587914092323,0.07196435432372819,0.046723930462367,0.04040832924268159,0.024058494211138218,0.013403446174551284,0.0038523341499217515,0.0018376654899920526,0.0016234556216552572,0.0015579072641199593,0.001440463740538894,0.0013004749705287136,0.0010557612145931869,8.84140453190926E-4,5.139689067837518E-4,4.874481042493527E-4,4.643233937015119E-4,4.4616633462150315E-4,3.355905281880032E-4,2.848967404223194E-4,2.1738354601547844E-4,8.199940985503424E-5,7.94193186292912E-5,7.870689641537821E-5,6.995741560176503E-5,5.017764440695096E-5,2.7708855664167765E-5,9.424014648317214E-6,3.993983024954009E-6,3.8757074379101595E-6,2.9329004611297157E-6,1.5604419836794397E-6,6.040662726147856E-7,7.07813786433235E-8,1.6148899630307276E-12,8.648508364088717E-15,4.310528150509679E-15,9.24561297023958E-16,7.622181703417476E-16,0.0,0.0,0.0,0.0,0.0,0.0,0.0,0.0,0.0,0.0,0.0,0.0,0.0,0.0,0.0,0.0,0.0,0.0,0.0,0.0,0.0,0.0,0.0,0.0,0.0,0.0,0.0,0.0,0.0,0.0,0.0,0.0,0.0,0.0,0.0,0.0,0.0,0.0,0.0,0.0,0.0,0.0,0.0,0.0,0.0,0.0,0.0,0.0,0.0,0.0,0.0,0.0,0.0,0.0,0.0,0.0,0.0,0.0,0.0,0.0,0.0,0.0,0.0,0.0,0.0,0.0,0.0,0.0,0.0,0.0,0.0,0.0,0.0,0.0],[0.6257267585229519,0.1663149271674642,0.07450896387312067,0.04503002216018362,0.02923641355366871,0.025284572874351357,0.015054043597678719,0.008386894927838834,0.002410508560377809,0.0011498764703022192,0.001015839623744208,9.748242624571424E-4,9.013367071372485E-4,8.137419878491632E-4,6.606180425816494E-4,5.532303398541718E-4,3.2160409802338224E-4,3.050093222201054E-4,2.905395720472235E-4,2.791782143247798E-4,2.0998797339408454E-4,1.7826751389821277E-4,1.3602270160449026E-4,5.130922492938557E-5,4.9694792810007865E-5,4.924901116739634E-5,4.377422689913541E-5,3.139749478507875E-5,1.733817243712003E-5,5.896858138164346E-6,2.499142051800166E-6,2.4251338521068188E-6,1.8351942986131677E-6,9.764103043108607E-7,3.779804306962916E-7,4.42898026222725E-8,1.0104798619384668E-12,5.411603104719869E-15,2.6972128071403565E-15,5.785227434425774E-16,4.769403050152369E-16,0.0,0.0,0.0,0.0,0.0,0.0,0.0,0.0,0.0,0.0,0.0,0.0,0.0,0.0,0.0,0.0,0.0,0.0,0.0,0.0,0.0,0.0,0.0,0.0,0.0,0.0,0.0,0.0,0.0,0.0,0.0,0.0,0.0,0.0,0.0,0.0,0.0,0.0,0.0,0.0,0.0,0.0,0.0,0.0,0.0,0.0,0.0,0.0,0.0,0.0,0.0,0.0,0.0,0.0,0.0,0.0,0.0,0.0,0.0,0.0,0.0,0.0,0.0,0.0,0.0,0.0,0.0,0.0,0.0,0.0,0.0,0.0,0.0,0.0]]},"init_f":-0.07327920466763684},"compatible_frames":null}
