{"type":"internal","split":{"type":"continuous","featureIndex":0,"threshold":3.6227458373175923}}
{"type":"internal","split":{"type":"continuous","featureIndex":6,"threshold":2.081737312805677}}
{"type":"internal","split":{"type":"continuous","featureIndex":4,"threshold":2.194324914099176}}
{"type":"internal","split":{"type":"continuous","featureIndex":3,"threshold":1.1608170655690966}}
{"type":"internal","split":{"type":"continuous","featureIndex":4,"threshold":0.18732041949627112}}
{"type":"leaf","values":[96.31995415300898]}
{"type":"leaf","values":[86.18861040120701]}
{"type":"internal","split":{"type":"continuous","featureIndex":7,"threshold":10.901011375330025}}
{"type":"leaf","values":[130.5950883660414]}
{"type":"leaf","values":[142.9348661756781]}
{"type":"internal","split":{"type":"continuous","featureIndex":4,"threshold":2.7295261126599506}}
{"type":"internal","split":{"type":"continuous","featureIndex":3,"threshold":1.3953255636638637}}
{"type":"leaf","values":[119.78491678955129]}
{"type":"leaf","values":[173.88643067846607]}
{"type":"internal","split":{"type":"continuous","featureIndex":5,"threshold":2.161809487038105}}
{"type":"leaf","values":[151.65870741801973]}
{"type":"leaf","values":[129.015]}
{"type":"internal","split":{"type":"continuous","featureIndex":2,"threshold":1.6624632688078584}}
{"type":"internal","split":{"type":"continuous","featureIndex":4,"threshold":2.194324914099176}}
{"type":"internal","split":{"type":"continuous","featureIndex":3,"threshold":1.7353628859012757}}
{"type":"leaf","values":[131.9846484494934]}
{"type":"leaf","values":[201.5264280103243]}
{"type":"internal","split":{"type":"continuous","featureIndex":3,"threshold":2.3568104058524084}}
{"type":"leaf","values":[193.9356862745098]}
{"type":"leaf","values":[302.7138888888889]}
{"type":"internal","split":{"type":"continuous","featureIndex":1,"threshold":2.952783828711797}}
{"type":"internal","split":{"type":"continuous","featureIndex":3,"threshold":1.7353628859012757}}
{"type":"leaf","values":[159.89319159706403]}
{"type":"leaf","values":[231.66533977822007]}
{"type":"internal","split":{"type":"continuous","featureIndex":4,"threshold":2.194324914099176}}
{"type":"leaf","values":[229.89211136890953]}
{"type":"leaf","values":[311.17021276595744]}
{"type":"internal","split":{"type":"continuous","featureIndex":3,"threshold":2.3333595560429314}}
{"type":"internal","split":{"type":"continuous","featureIndex":0,"threshold":4.65781607655119}}
{"type":"internal","split":{"type":"continuous","featureIndex":4,"threshold":2.194324914099176}}
{"type":"internal","split":{"type":"continuous","featureIndex":6,"threshold":2.081737312805677}}
{"type":"leaf","values":[96.46010278604274]}
{"type":"leaf","values":[196.61245455070122]}
{"type":"internal","split":{"type":"continuous","featureIndex":5,"threshold":0.2322605234007881}}
{"type":"leaf","values":[218.57314148681056]}
{"type":"leaf","values":[243.09587727708532]}
{"type":"internal","split":{"type":"continuous","featureIndex":1,"threshold":1.7716702972270781}}
{"type":"internal","split":{"type":"continuous","featureIndex":4,"threshold":1.1506825769056654}}
{"type":"leaf","values":[84.7428139183056]}
{"type":"leaf","values":[103.85021097046413]}
{"type":"internal","split":{"type":"continuous","featureIndex":3,"threshold":0.05862712452369175}}
{"type":"leaf","values":[327.2969798657718]}
{"type":"leaf","values":[251.05219123505975]}
{"type":"internal","split":{"type":"continuous","featureIndex":6,"threshold":3.082016907260222}}
{"type":"internal","split":{"type":"continuous","featureIndex":3,"threshold":3.5059020465167667}}
{"type":"internal","split":{"type":"continuous","featureIndex":1,"threshold":1.7716702972270781}}
{"type":"leaf","values":[193.0234604105572]}
{"type":"leaf","values":[266.5990063875089]}
{"type":"internal","split":{"type":"continuous","featureIndex":7,"threshold":11.134188089240826}}
{"type":"leaf","values":[284.95354838709676]}
{"type":"leaf","values":[330.61528976572134]}
{"type":"internal","split":{"type":"continuous","featureIndex":1,"threshold":4.133897360196515}}
{"type":"internal","split":{"type":"continuous","featureIndex":4,"threshold":2.7295261126599506}}
{"type":"leaf","values":[344.60373103731035]}
{"type":"leaf","values":[435.52908587257616]}
{"type":"internal","split":{"type":"continuous","featureIndex":3,"threshold":3.5059020465167667}}
{"type":"leaf","values":[334.9895582329317]}
{"type":"leaf","values":[461.41465914915426]}
