{"type":"internal","split":{"type":"continuous","featureIndex":3,"threshold":1.8643425598533976}}
{"type":"internal","split":{"type":"continuous","featureIndex":6,"threshold":2.081737312805677}}
{"type":"internal","split":{"type":"continuous","featureIndex":4,"threshold":2.194324914099176}}
{"type":"internal","split":{"type":"continuous","featureIndex":4,"threshold":0.18732041949627112}}
{"type":"internal","split":{"type":"continuous","featureIndex":3,"threshold":1.0318373916169747}}
{"type":"leaf","values":[95.68440674416169]}
{"type":"leaf","values":[133.26224455929068]}
{"type":"internal","split":{"type":"continuous","featureIndex":2,"threshold":0.8608819633064064}}
{"type":"leaf","values":[88.62218370883882]}
{"type":"leaf","values":[107.37518504303964]}
{"type":"internal","split":{"type":"continuous","featureIndex":3,"threshold":1.0318373916169747}}
{"type":"internal","split":{"type":"continuous","featureIndex":2,"threshold":1.2412241133657689}}
{"type":"leaf","values":[112.90680537494582]}
{"type":"leaf","values":[133.34170854271358]}
{"type":"internal","split":{"type":"continuous","featureIndex":0,"threshold":5.692886315784788}}
{"type":"leaf","values":[149.09018718094157]}
{"type":"leaf","values":[81.67213114754098]}
{"type":"internal","split":{"type":"continuous","featureIndex":1,"threshold":2.952783828711797}}
{"type":"internal","split":{"type":"continuous","featureIndex":4,"threshold":2.194324914099176}}
{"type":"internal","split":{"type":"continuous","featureIndex":2,"threshold":1.6624632688078584}}
{"type":"leaf","values":[140.79921873183434]}
{"type":"leaf","values":[178.28452254171103]}
{"type":"internal","split":{"type":"continuous","featureIndex":3,"threshold":0.05862712452369175}}
{"type":"leaf","values":[222.53618421052633]}
{"type":"leaf","values":[192.58990384615385]}
{"type":"internal","split":{"type":"continuous","featureIndex":3,"threshold":0.05862712452369175}}
{"type":"internal","split":{"type":"continuous","featureIndex":6,"threshold":3.15356372832162}}
{"type":"leaf","values":[221.75564446984853]}
{"type":"leaf","values":[301.2404549147035]}
{"type":"internal","split":{"type":"continuous","featureIndex":3,"threshold":1.1608170655690966}}
{"type":"leaf","values":[148.99955217196597]}
{"type":"leaf","values":[196.19573820395738]}
{"type":"internal","split":{"type":"continuous","featureIndex":1,"threshold":2.952783828711797}}
{"type":"internal","split":{"type":"continuous","featureIndex":6,"threshold":2.081737312805677}}
{"type":"internal","split":{"type":"continuous","featureIndex":4,"threshold":2.194324914099176}}
{"type":"internal","split":{"type":"continuous","featureIndex":7,"threshold":11.250776446196229}}
{"type":"leaf","values":[157.1887955917082]}
{"type":"leaf","values":[176.0236914600551]}
{"type":"internal","split":{"type":"continuous","featureIndex":7,"threshold":11.134188089240826}}
{"type":"leaf","values":[179.77289719626168]}
{"type":"leaf","values":[202.73559962228518]}
{"type":"internal","split":{"type":"continuous","featureIndex":2,"threshold":1.6624632688078584}}
{"type":"internal","split":{"type":"continuous","featureIndex":4,"threshold":2.7295261126599506}}
{"type":"leaf","values":[220.60902564102565]}
{"type":"leaf","values":[281.2130518234165]}
{"type":"internal","split":{"type":"continuous","featureIndex":3,"threshold":3.5059020465167667}}
{"type":"leaf","values":[245.69130661114002]}
{"type":"leaf","values":[293.7100063734863]}
{"type":"internal","split":{"type":"continuous","featureIndex":3,"threshold":3.5059020465167667}}
{"type":"internal","split":{"type":"continuous","featureIndex":3,"threshold":2.3333595560429314}}
{"type":"internal","split":{"type":"continuous","featureIndex":1,"threshold":7.677237954650671}}
{"type":"leaf","values":[249.4226932668329]}
{"type":"leaf","values":[633.4444444444445]}
{"type":"internal","split":{"type":"continuous","featureIndex":0,"threshold":4.65781607655119}}
{"type":"leaf","values":[282.55372355042596]}
{"type":"leaf","values":[358.0838023764853]}
{"type":"internal","split":{"type":"continuous","featureIndex":7,"threshold":11.483953160107031}}
{"type":"internal","split":{"type":"continuous","featureIndex":1,"threshold":4.133897360196515}}
{"type":"leaf","values":[358.1014639071176]}
{"type":"leaf","values":[423.3895184135977]}
{"type":"internal","split":{"type":"continuous","featureIndex":0,"threshold":5.692886315784788}}
{"type":"leaf","values":[409.7769607843137]}
{"type":"leaf","values":[493.4868421052632]}
