{"type":"internal","split":{"type":"continuous","featureIndex":6,"threshold":2.081737312805677}}
{"type":"internal","split":{"type":"continuous","featureIndex":7,"threshold":11.017599732285426}}
{"type":"internal","split":{"type":"continuous","featureIndex":2,"threshold":0.8608819633064064}}
{"type":"internal","split":{"type":"continuous","featureIndex":4,"threshold":2.194324914099176}}
{"type":"internal","split":{"type":"continuous","featureIndex":4,"threshold":0.18732041949627112}}
{"type":"leaf","values":[96.80702584787619]}
{"type":"leaf","values":[87.89662055390757]}
{"type":"internal","split":{"type":"continuous","featureIndex":3,"threshold":1.0318373916169747}}
{"type":"leaf","values":[106.47830632514375]}
{"type":"leaf","values":[146.68228752978555]}
{"type":"internal","split":{"type":"continuous","featureIndex":3,"threshold":1.3953255636638637}}
{"type":"internal","split":{"type":"continuous","featureIndex":4,"threshold":1.311242936473898}}
{"type":"leaf","values":[99.49869527399247]}
{"type":"leaf","values":[114.19567262464723]}
{"type":"internal","split":{"type":"continuous","featureIndex":7,"threshold":9.268774377954406}}
{"type":"leaf","values":[135.01520912547528]}
{"type":"leaf","values":[150.5793481571733]}
{"type":"internal","split":{"type":"continuous","featureIndex":3,"threshold":1.1608170655690966}}
{"type":"internal","split":{"type":"continuous","featureIndex":4,"threshold":0.0802801797841162}}
{"type":"internal","split":{"type":"continuous","featureIndex":3,"threshold":0.8325051682364228}}
{"type":"leaf","values":[98.9432845054241]}
{"type":"leaf","values":[114.38277399671439]}
{"type":"internal","split":{"type":"continuous","featureIndex":2,"threshold":0.8199849579236793}}
{"type":"leaf","values":[88.2573660169462]}
{"type":"leaf","values":[101.83407795409028]}
{"type":"internal","split":{"type":"continuous","featureIndex":3,"threshold":1.7353628859012757}}
{"type":"internal","split":{"type":"continuous","featureIndex":3,"threshold":1.3953255636638637}}
{"type":"leaf","values":[128.6967499563166]}
{"type":"leaf","values":[139.6642235455795]}
{"type":"internal","split":{"type":"continuous","featureIndex":2,"threshold":2.4742688256549923}}
{"type":"leaf","values":[165.9790089140228]}
{"type":"leaf","values":[209.44306930693068]}
{"type":"internal","split":{"type":"continuous","featureIndex":1,"threshold":2.952783828711797}}
{"type":"internal","split":{"type":"continuous","featureIndex":0,"threshold":3.6227458373175923}}
{"type":"internal","split":{"type":"continuous","featureIndex":0,"threshold":2.5876755980839947}}
{"type":"internal","split":{"type":"continuous","featureIndex":2,"threshold":1.6624632688078584}}
{"type":"leaf","values":[141.66867407330494]}
{"type":"leaf","values":[188.10798906439854]}
{"type":"internal","split":{"type":"continuous","featureIndex":2,"threshold":2.0428054188672213}}
{"type":"leaf","values":[165.18622997848433]}
{"type":"leaf","values":[228.147577092511]}
{"type":"internal","split":{"type":"continuous","featureIndex":3,"threshold":2.3333595560429314}}
{"type":"internal","split":{"type":"continuous","featureIndex":4,"threshold":2.194324914099176}}
{"type":"leaf","values":[189.27668085106382]}
{"type":"leaf","values":[245.32319819819818]}
{"type":"internal","split":{"type":"continuous","featureIndex":4,"threshold":2.7295261126599506}}
{"type":"leaf","values":[271.56116959064326]}
{"type":"leaf","values":[358.70404984423675]}
{"type":"internal","split":{"type":"continuous","featureIndex":2,"threshold":2.0428054188672213}}
{"type":"internal","split":{"type":"continuous","featureIndex":0,"threshold":4.65781607655119}}
{"type":"internal","split":{"type":"continuous","featureIndex":0,"threshold":3.6227458373175923}}
{"type":"leaf","values":[168.68704994856554]}
{"type":"leaf","values":[238.07119741100323]}
{"type":"internal","split":{"type":"continuous","featureIndex":3,"threshold":3.5059020465167667}}
{"type":"leaf","values":[295.2251527822451]}
{"type":"leaf","values":[442.32678711704636]}
{"type":"internal","split":{"type":"continuous","featureIndex":6,"threshold":3.15356372832162}}
{"type":"internal","split":{"type":"continuous","featureIndex":3,"threshold":2.3333595560429314}}
{"type":"leaf","values":[254.6017274472169]}
{"type":"leaf","values":[361.49465701482245]}
{"type":"internal","split":{"type":"continuous","featureIndex":0,"threshold":4.65781607655119}}
{"type":"leaf","values":[334.1782573940847]}
{"type":"leaf","values":[433.38540899042005]}
