{"type":"internal","split":{"type":"continuous","featureIndex":3,"threshold":1.8643425598533976}}
{"type":"internal","split":{"type":"continuous","featureIndex":1,"threshold":1.7716702972270781}}
{"type":"internal","split":{"type":"continuous","featureIndex":3,"threshold":1.0318373916169747}}
{"type":"internal","split":{"type":"continuous","featureIndex":7,"threshold":10.901011375330025}}
{"type":"internal","split":{"type":"continuous","featureIndex":4,"threshold":1.311242936473898}}
{"type":"leaf","values":[86.68332798336925]}
{"type":"leaf","values":[97.3904231859708]}
{"type":"internal","split":{"type":"continuous","featureIndex":3,"threshold":0.05862712452369175}}
{"type":"leaf","values":[100.22918217845563]}
{"type":"leaf","values":[92.0028012317473]}
{"type":"internal","split":{"type":"continuous","featureIndex":2,"threshold":2.0428054188672213}}
{"type":"internal","split":{"type":"continuous","featureIndex":4,"threshold":2.194324914099176}}
{"type":"leaf","values":[125.01434969650539]}
{"type":"leaf","values":[142.47444519166106]}
{"type":"internal","split":{"type":"continuous","featureIndex":7,"threshold":11.250776446196229}}
{"type":"leaf","values":[138.71867007672634]}
{"type":"leaf","values":[147.68730407523512]}
{"type":"internal","split":{"type":"continuous","featureIndex":6,"threshold":3.082016907260222}}
{"type":"internal","split":{"type":"continuous","featureIndex":2,"threshold":1.6624632688078584}}
{"type":"internal","split":{"type":"continuous","featureIndex":0,"threshold":3.6227458373175923}}
{"type":"leaf","values":[133.58332415767453]}
{"type":"leaf","values":[181.4431184474682]}
{"type":"internal","split":{"type":"continuous","featureIndex":3,"threshold":0.05862712452369175}}
{"type":"leaf","values":[209.71633051398828]}
{"type":"leaf","values":[175.31158203944608]}
{"type":"internal","split":{"type":"continuous","featureIndex":3,"threshold":0.05862712452369175}}
{"type":"internal","split":{"type":"continuous","featureIndex":2,"threshold":2.0428054188672213}}
{"type":"leaf","values":[223.0002479543764]}
{"type":"leaf","values":[329.53194444444443]}
{"type":"internal","split":{"type":"continuous","featureIndex":4,"threshold":2.194324914099176}}
{"type":"leaf","values":[173.12860542598762]}
{"type":"leaf","values":[262.8283783783784]}
{"type":"internal","split":{"type":"continuous","featureIndex":6,"threshold":3.082016907260222}}
{"type":"internal","split":{"type":"continuous","featureIndex":6,"threshold":2.081737312805677}}
{"type":"internal","split":{"type":"continuous","featureIndex":3,"threshold":2.3568104058524084}}
{"type":"internal","split":{"type":"continuous","featureIndex":4,"threshold":2.194324914099176}}
{"type":"leaf","values":[158.7568868407578]}
{"type":"leaf","values":[182.73790613718413]}
{"type":"internal","split":{"type":"continuous","featureIndex":4,"threshold":2.7295261126599506}}
{"type":"leaf","values":[180.0345019476906]}
{"type":"leaf","values":[239.22865853658536]}
{"type":"internal","split":{"type":"continuous","featureIndex":2,"threshold":2.0428054188672213}}
{"type":"internal","split":{"type":"continuous","featureIndex":7,"threshold":11.250776446196229}}
{"type":"leaf","values":[212.79767174946713]}
{"type":"leaf","values":[239.90813898143742]}
{"type":"internal","split":{"type":"continuous","featureIndex":7,"threshold":11.017599732285426}}
{"type":"leaf","values":[242.7253717472119]}
{"type":"leaf","values":[266.25736278447124]}
{"type":"internal","split":{"type":"continuous","featureIndex":0,"threshold":4.65781607655119}}
{"type":"internal","split":{"type":"continuous","featureIndex":2,"threshold":1.6624632688078584}}
{"type":"internal","split":{"type":"continuous","featureIndex":3,"threshold":3.5059020465167667}}
{"type":"leaf","values":[249.7269588313413]}
{"type":"leaf","values":[346.22515060240966]}
{"type":"internal","split":{"type":"continuous","featureIndex":3,"threshold":3.5059020465167667}}
{"type":"leaf","values":[299.2155870445344]}
{"type":"leaf","values":[387.97227997228]}
{"type":"internal","split":{"type":"continuous","featureIndex":0,"threshold":6.727956555018386}}
{"type":"internal","split":{"type":"continuous","featureIndex":2,"threshold":2.1266442799018117}}
{"type":"leaf","values":[371.7459207459207]}
{"type":"leaf","values":[451.2927536231884]}
{"type":"internal","split":{"type":"continuous","featureIndex":3,"threshold":3.5059020465167667}}
{"type":"leaf","values":[372.36914600550966]}
{"type":"leaf","values":[498.40509915014167]}
