{"type":"internal","split":{"type":"continuous","featureIndex":3,"threshold":1.8643425598533976}}
{"type":"internal","split":{"type":"continuous","featureIndex":1,"threshold":1.7716702972270781}}
{"type":"internal","split":{"type":"continuous","featureIndex":4,"threshold":2.194324914099176}}
{"type":"internal","split":{"type":"continuous","featureIndex":4,"threshold":0.0802801797841162}}
{"type":"internal","split":{"type":"continuous","featureIndex":3,"threshold":1.0318373916169747}}
{"type":"leaf","values":[95.83605872211483]}
{"type":"leaf","values":[132.70455289878808]}
{"type":"internal","split":{"type":"continuous","featureIndex":4,"threshold":0.9901222173374331}}
{"type":"leaf","values":[83.13706927387624]}
{"type":"leaf","values":[101.91289595444299]}
{"type":"internal","split":{"type":"continuous","featureIndex":3,"threshold":1.0318373916169747}}
{"type":"internal","split":{"type":"continuous","featureIndex":0,"threshold":3.6227458373175923}}
{"type":"leaf","values":[118.02881078872089]}
{"type":"leaf","values":[99.46356275303644]}
{"type":"internal","split":{"type":"continuous","featureIndex":7,"threshold":9.501951091865209}}
{"type":"leaf","values":[122.59740259740259]}
{"type":"leaf","values":[149.875]}
{"type":"internal","split":{"type":"continuous","featureIndex":0,"threshold":3.6227458373175923}}
{"type":"internal","split":{"type":"continuous","featureIndex":1,"threshold":2.952783828711797}}
{"type":"internal","split":{"type":"continuous","featureIndex":2,"threshold":1.6624632688078584}}
{"type":"leaf","values":[133.31257807511867]}
{"type":"leaf","values":[165.23939869867624]}
{"type":"internal","split":{"type":"continuous","featureIndex":2,"threshold":2.0428054188672213}}
{"type":"leaf","values":[152.1099104222949]}
{"type":"leaf","values":[205.26238145416227]}
{"type":"internal","split":{"type":"continuous","featureIndex":3,"threshold":0.05862712452369175}}
{"type":"internal","split":{"type":"continuous","featureIndex":1,"threshold":2.952783828711797}}
{"type":"leaf","values":[210.6127808578932]}
{"type":"leaf","values":[286.1675392670157]}
{"type":"internal","split":{"type":"continuous","featureIndex":0,"threshold":4.65781607655119}}
{"type":"leaf","values":[182.86608051827858]}
{"type":"leaf","values":[242.51933124346917]}
{"type":"internal","split":{"type":"continuous","featureIndex":6,"threshold":3.082016907260222}}
{"type":"internal","split":{"type":"continuous","featureIndex":6,"threshold":2.081737312805677}}
{"type":"internal","split":{"type":"continuous","featureIndex":2,"threshold":1.6624632688078584}}
{"type":"internal","split":{"type":"continuous","featureIndex":7,"threshold":11.250776446196229}}
{"type":"leaf","values":[155.32062281537972]}
{"type":"leaf","values":[170.56028202115158]}
{"type":"internal","split":{"type":"continuous","featureIndex":0,"threshold":2.5876755980839947}}
{"type":"leaf","values":[177.96194556451613]}
{"type":"leaf","values":[234.73286052009456]}
{"type":"internal","split":{"type":"continuous","featureIndex":3,"threshold":3.5059020465167667}}
{"type":"internal","split":{"type":"continuous","featureIndex":3,"threshold":2.3333595560429314}}
{"type":"leaf","values":[200.50847787955564]}
{"type":"leaf","values":[238.34468829944797]}
{"type":"internal","split":{"type":"continuous","featureIndex":7,"threshold":11.134188089240826}}
{"type":"leaf","values":[260.4728835978836]}
{"type":"leaf","values":[306.9362126245847]}
{"type":"internal","split":{"type":"continuous","featureIndex":0,"threshold":4.65781607655119}}
{"type":"internal","split":{"type":"continuous","featureIndex":2,"threshold":1.6624632688078584}}
{"type":"internal","split":{"type":"continuous","featureIndex":3,"threshold":3.5059020465167667}}
{"type":"leaf","values":[248.5075178053284]}
{"type":"leaf","values":[355.98512137823025]}
{"type":"internal","split":{"type":"continuous","featureIndex":0,"threshold":3.6227458373175923}}
{"type":"leaf","values":[284.7314629258517]}
{"type":"leaf","values":[350.38536792854103]}
{"type":"internal","split":{"type":"continuous","featureIndex":3,"threshold":3.5059020465167667}}
{"type":"internal","split":{"type":"continuous","featureIndex":2,"threshold":2.0428054188672213}}
{"type":"leaf","values":[322.8043321299639]}
{"type":"leaf","values":[374.38503401360543]}
{"type":"internal","split":{"type":"continuous","featureIndex":6,"threshold":3.15356372832162}}
{"type":"leaf","values":[426.2588686481304]}
{"type":"leaf","values":[472.40565417488494]}
