{"type":"internal","split":{"type":"continuous","featureIndex":6,"threshold":2.081737312805677}}
{"type":"internal","split":{"type":"continuous","featureIndex":2,"threshold":0.8608819633064064}}
{"type":"internal","split":{"type":"continuous","featureIndex":7,"threshold":11.017599732285426}}
{"type":"internal","split":{"type":"continuous","featureIndex":3,"threshold":1.1608170655690966}}
{"type":"internal","split":{"type":"continuous","featureIndex":4,"threshold":2.194324914099176}}
{"type":"leaf","values":[86.92359846468496]}
{"type":"leaf","values":[108.21604010025062]}
{"type":"internal","split":{"type":"continuous","featureIndex":4,"threshold":0.0802801797841162}}
{"type":"leaf","values":[135.53025568181818]}
{"type":"leaf","values":[122.97774174528301]}
{"type":"internal","split":{"type":"continuous","featureIndex":3,"threshold":1.1608170655690966}}
{"type":"internal","split":{"type":"continuous","featureIndex":6,"threshold":0.9700097855439538}}
{"type":"leaf","values":[101.64703401743041]}
{"type":"leaf","values":[93.5437068474061]}
{"type":"internal","split":{"type":"continuous","featureIndex":2,"threshold":0.12269101614818144}}
{"type":"leaf","values":[152.2782325894359]}
{"type":"leaf","values":[127.8812593296241]}
{"type":"internal","split":{"type":"continuous","featureIndex":2,"threshold":1.6624632688078584}}
{"type":"internal","split":{"type":"continuous","featureIndex":3,"threshold":1.1608170655690966}}
{"type":"internal","split":{"type":"continuous","featureIndex":7,"threshold":10.901011375330025}}
{"type":"leaf","values":[94.237751999099]}
{"type":"leaf","values":[102.31632105827673]}
{"type":"internal","split":{"type":"continuous","featureIndex":3,"threshold":1.7353628859012757}}
{"type":"leaf","values":[128.14619585926584]}
{"type":"leaf","values":[156.06058890147224]}
{"type":"internal","split":{"type":"continuous","featureIndex":3,"threshold":1.3953255636638637}}
{"type":"internal","split":{"type":"continuous","featureIndex":4,"threshold":2.194324914099176}}
{"type":"leaf","values":[113.60479217603913]}
{"type":"leaf","values":[146.45729303547964]}
{"type":"internal","split":{"type":"continuous","featureIndex":2,"threshold":2.4742688256549923}}
{"type":"leaf","values":[163.95373856912317]}
{"type":"leaf","values":[189.54829545454547]}
{"type":"internal","split":{"type":"continuous","featureIndex":3,"threshold":2.3333595560429314}}
{"type":"internal","split":{"type":"continuous","featureIndex":0,"threshold":3.6227458373175923}}
{"type":"internal","split":{"type":"continuous","featureIndex":4,"threshold":2.194324914099176}}
{"type":"internal","split":{"type":"continuous","featureIndex":2,"threshold":1.6624632688078584}}
{"type":"leaf","values":[137.71652942628285]}
{"type":"leaf","values":[171.45798898071627]}
{"type":"internal","split":{"type":"continuous","featureIndex":2,"threshold":1.2412241133657689}}
{"type":"leaf","values":[187.47870778267253]}
{"type":"leaf","values":[222.00134952766533]}
{"type":"internal","split":{"type":"continuous","featureIndex":2,"threshold":2.0428054188672213}}
{"type":"internal","split":{"type":"continuous","featureIndex":3,"threshold":0.05862712452369175}}
{"type":"leaf","values":[234.610843141038]}
{"type":"leaf","values":[189.5792101679528]}
{"type":"internal","split":{"type":"continuous","featureIndex":0,"threshold":4.65781607655119}}
{"type":"leaf","values":[249.28735980600183]}
{"type":"leaf","values":[330.04353083434097]}
{"type":"internal","split":{"type":"continuous","featureIndex":6,"threshold":3.082016907260222}}
{"type":"internal","split":{"type":"continuous","featureIndex":0,"threshold":2.5876755980839947}}
{"type":"internal","split":{"type":"continuous","featureIndex":4,"threshold":2.194324914099176}}
{"type":"leaf","values":[218.6534211145074]}
{"type":"leaf","values":[246.62111801242236]}
{"type":"internal","split":{"type":"continuous","featureIndex":3,"threshold":3.5059020465167667}}
{"type":"leaf","values":[262.2593201754386]}
{"type":"leaf","values":[306.6405005688282]}
{"type":"internal","split":{"type":"continuous","featureIndex":3,"threshold":3.5059020465167667}}
{"type":"internal","split":{"type":"continuous","featureIndex":0,"threshold":4.65781607655119}}
{"type":"leaf","values":[283.09025749933636]}
{"type":"leaf","values":[354.5269607843137]}
{"type":"internal","split":{"type":"continuous","featureIndex":0,"threshold":4.65781607655119}}
{"type":"leaf","values":[366.41253644314867]}
{"type":"leaf","values":[446.0669027941755]}
