{"type":"internal","split":{"type":"continuous","featureIndex":3,"threshold":1.8643425598533976}}
{"type":"internal","split":{"type":"continuous","featureIndex":2,"threshold":1.6624632688078584}}
{"type":"internal","split":{"type":"continuous","featureIndex":0,"threshold":3.6227458373175923}}
{"type":"internal","split":{"type":"continuous","featureIndex":1,"threshold":1.7716702972270781}}
{"type":"internal","split":{"type":"continuous","featureIndex":2,"threshold":0.8199849579236793}}
{"type":"leaf","values":[96.52510677376542]}
{"type":"leaf","values":[109.1287066685229]}
{"type":"internal","split":{"type":"continuous","featureIndex":0,"threshold":2.5876755980839947}}
{"type":"leaf","values":[133.8492918879517]}
{"type":"leaf","values":[157.35628299894404]}
{"type":"internal","split":{"type":"continuous","featureIndex":1,"threshold":1.7716702972270781}}
{"type":"internal","split":{"type":"continuous","featureIndex":5,"threshold":0.05359858232325879}}
{"type":"leaf","values":[102.39651707970529]}
{"type":"leaf","values":[88.94050218340611]}
{"type":"internal","split":{"type":"continuous","featureIndex":6,"threshold":3.082016907260222}}
{"type":"leaf","values":[180.16601101494885]}
{"type":"leaf","values":[219.84135552556606]}
{"type":"internal","split":{"type":"continuous","featureIndex":4,"threshold":2.194324914099176}}
{"type":"internal","split":{"type":"continuous","featureIndex":1,"threshold":1.7716702972270781}}
{"type":"internal","split":{"type":"continuous","featureIndex":4,"threshold":0.0802801797841162}}
{"type":"leaf","values":[126.81355708245243]}
{"type":"leaf","values":[113.42203389830509]}
{"type":"internal","split":{"type":"continuous","featureIndex":3,"threshold":0.05862712452369175}}
{"type":"leaf","values":[245.03944083874188]}
{"type":"leaf","values":[183.58599364867123]}
{"type":"internal","split":{"type":"continuous","featureIndex":1,"threshold":1.7716702972270781}}
{"type":"internal","split":{"type":"continuous","featureIndex":0,"threshold":2.5876755980839947}}
{"type":"leaf","values":[151.3524004085802]}
{"type":"leaf","values":[175.94845360824743]}
{"type":"internal","split":{"type":"continuous","featureIndex":1,"threshold":2.952783828711797}}
{"type":"leaf","values":[222.0610820244328]}
{"type":"leaf","values":[310.83203125]}
{"type":"internal","split":{"type":"continuous","featureIndex":3,"threshold":3.5059020465167667}}
{"type":"internal","split":{"type":"continuous","featureIndex":1,"threshold":1.7716702972270781}}
{"type":"internal","split":{"type":"continuous","featureIndex":2,"threshold":1.6624632688078584}}
{"type":"internal","split":{"type":"continuous","featureIndex":7,"threshold":11.250776446196229}}
{"type":"leaf","values":[152.60260869565218]}
{"type":"leaf","values":[169.5531475748194]}
{"type":"internal","split":{"type":"continuous","featureIndex":4,"threshold":2.7295261126599506}}
{"type":"leaf","values":[174.98820143884893]}
{"type":"leaf","values":[231.859375]}
{"type":"internal","split":{"type":"continuous","featureIndex":3,"threshold":2.3333595560429314}}
{"type":"internal","split":{"type":"continuous","featureIndex":0,"threshold":3.6227458373175923}}
{"type":"leaf","values":[194.1107333657115]}
{"type":"leaf","values":[242.6463659867854]}
{"type":"internal","split":{"type":"continuous","featureIndex":1,"threshold":2.952783828711797}}
{"type":"leaf","values":[236.04185862840595]}
{"type":"leaf","values":[303.1237368922784]}
{"type":"internal","split":{"type":"continuous","featureIndex":6,"threshold":3.082016907260222}}
{"type":"internal","split":{"type":"continuous","featureIndex":4,"threshold":2.7295261126599506}}
{"type":"internal","split":{"type":"continuous","featureIndex":1,"threshold":1.7716702972270781}}
{"type":"leaf","values":[192.58985429033999]}
{"type":"leaf","values":[276.0618784530387]}
{"type":"internal","split":{"type":"continuous","featureIndex":0,"threshold":2.5876755980839947}}
{"type":"leaf","values":[237.455938697318]}
{"type":"leaf","values":[370.68224299065423]}
{"type":"internal","split":{"type":"continuous","featureIndex":0,"threshold":5.692886315784788}}
{"type":"internal","split":{"type":"continuous","featureIndex":0,"threshold":2.5876755980839947}}
{"type":"leaf","values":[294.011135857461]}
{"type":"leaf","values":[393.398847437064]}
{"type":"internal","split":{"type":"continuous","featureIndex":7,"threshold":11.483953160107031}}
{"type":"leaf","values":[448.18369453044374]}
{"type":"leaf","values":[498.4985294117647]}
