{"type":"internal","split":{"type":"continuous","featureIndex":3,"threshold":1.8643425598533976}}
{"type":"internal","split":{"type":"continuous","featureIndex":2,"threshold":1.6624632688078584}}
{"type":"internal","split":{"type":"continuous","featureIndex":6,"threshold":2.081737312805677}}
{"type":"internal","split":{"type":"continuous","featureIndex":0,"threshold":1.5526053588503967}}
{"type":"internal","split":{"type":"continuous","featureIndex":3,"threshold":1.5125798127112473}}
{"type":"leaf","values":[75.4026512013256]}
{"type":"leaf","values":[138.66666666666666]}
{"type":"internal","split":{"type":"continuous","featureIndex":3,"threshold":1.0318373916169747}}
{"type":"leaf","values":[91.49487339655619]}
{"type":"leaf","values":[126.92075605886536]}
{"type":"internal","split":{"type":"continuous","featureIndex":1,"threshold":2.952783828711797}}
{"type":"internal","split":{"type":"continuous","featureIndex":0,"threshold":3.6227458373175923}}
{"type":"leaf","values":[133.82433288354034]}
{"type":"leaf","values":[180.28282940979582]}
{"type":"internal","split":{"type":"continuous","featureIndex":0,"threshold":4.65781607655119}}
{"type":"leaf","values":[170.6466325660699]}
{"type":"leaf","values":[275.3260606060606]}
{"type":"internal","split":{"type":"continuous","featureIndex":0,"threshold":3.6227458373175923}}
{"type":"internal","split":{"type":"continuous","featureIndex":4,"threshold":2.194324914099176}}
{"type":"internal","split":{"type":"continuous","featureIndex":6,"threshold":1.483220636618982}}
{"type":"leaf","values":[119.50154346060114]}
{"type":"leaf","values":[167.34863945578232]}
{"type":"internal","split":{"type":"continuous","featureIndex":0,"threshold":2.5876755980839947}}
{"type":"leaf","values":[168.22668481960517]}
{"type":"leaf","values":[236.015873015873]}
{"type":"internal","split":{"type":"continuous","featureIndex":6,"threshold":3.082016907260222}}
{"type":"internal","split":{"type":"continuous","featureIndex":3,"threshold":0.05862712452369175}}
{"type":"leaf","values":[248.62870514820594]}
{"type":"leaf","values":[201.80438871473353]}
{"type":"internal","split":{"type":"continuous","featureIndex":3,"threshold":0.2579593479042437}}
{"type":"leaf","values":[360.1236559139785]}
{"type":"leaf","values":[258.1400414937759]}
{"type":"internal","split":{"type":"continuous","featureIndex":0,"threshold":3.6227458373175923}}
{"type":"internal","split":{"type":"continuous","featureIndex":3,"threshold":3.5059020465167667}}
{"type":"internal","split":{"type":"continuous","featureIndex":2,"threshold":1.6624632688078584}}
{"type":"internal","split":{"type":"continuous","featureIndex":6,"threshold":2.081737312805677}}
{"type":"leaf","values":[158.2894056847545]}
{"type":"leaf","values":[204.81346181504387]}
{"type":"internal","split":{"type":"continuous","featureIndex":1,"threshold":1.7716702972270781}}
{"type":"leaf","values":[176.20028901734105]}
{"type":"leaf","values":[235.0108839050132]}
{"type":"internal","split":{"type":"continuous","featureIndex":1,"threshold":1.7716702972270781}}
{"type":"internal","split":{"type":"continuous","featureIndex":0,"threshold":1.5526053588503967}}
{"type":"leaf","values":[592.8571428571429]}
{"type":"leaf","values":[191.38457474907554]}
{"type":"internal","split":{"type":"continuous","featureIndex":7,"threshold":10.784423018374623}}
{"type":"leaf","values":[248.66350710900474]}
{"type":"leaf","values":[293.3954678362573]}
{"type":"internal","split":{"type":"continuous","featureIndex":4,"threshold":2.194324914099176}}
{"type":"internal","split":{"type":"continuous","featureIndex":3,"threshold":3.5059020465167667}}
{"type":"internal","split":{"type":"continuous","featureIndex":3,"threshold":2.3333595560429314}}
{"type":"leaf","values":[232.35888922426804]}
{"type":"leaf","values":[285.37475312705726]}
{"type":"internal","split":{"type":"continuous","featureIndex":1,"threshold":2.952783828711797}}
{"type":"leaf","values":[308.05854800936766]}
{"type":"leaf","values":[415.08968866038276]}
{"type":"internal","split":{"type":"continuous","featureIndex":6,"threshold":3.082016907260222}}
{"type":"internal","split":{"type":"continuous","featureIndex":5,"threshold":0.19652813518528223}}
{"type":"leaf","values":[276.86012526096033]}
{"type":"leaf","values":[317.9508474576271]}
{"type":"internal","split":{"type":"continuous","featureIndex":3,"threshold":3.5059020465167667}}
{"type":"leaf","values":[356.462850182704]}
{"type":"leaf","values":[448.0278606965174]}
