{"type":"internal","split":{"type":"continuous","featureIndex":6,"threshold":2.081737312805677}}
{"type":"internal","split":{"type":"continuous","featureIndex":4,"threshold":2.194324914099176}}
{"type":"internal","split":{"type":"continuous","featureIndex":7,"threshold":10.901011375330025}}
{"type":"internal","split":{"type":"continuous","featureIndex":4,"threshold":1.311242936473898}}
{"type":"internal","split":{"type":"continuous","featureIndex":3,"threshold":1.1608170655690966}}
{"type":"leaf","values":[87.1022372800406]}
{"type":"leaf","values":[129.5091719745223]}
{"type":"internal","split":{"type":"continuous","featureIndex":3,"threshold":1.1608170655690966}}
{"type":"leaf","values":[94.85145249270582]}
{"type":"leaf","values":[135.70839220118677]}
{"type":"internal","split":{"type":"continuous","featureIndex":3,"threshold":1.1608170655690966}}
{"type":"internal","split":{"type":"continuous","featureIndex":3,"threshold":0.7152509191890394}}
{"type":"leaf","values":[93.202045258948]}
{"type":"leaf","values":[107.72888584266241]}
{"type":"internal","split":{"type":"continuous","featureIndex":2,"threshold":2.0428054188672213}}
{"type":"leaf","values":[139.42541601055453]}
{"type":"leaf","values":[163.60317160656976]}
{"type":"internal","split":{"type":"continuous","featureIndex":2,"threshold":1.6624632688078584}}
{"type":"internal","split":{"type":"continuous","featureIndex":0,"threshold":5.692886315784788}}
{"type":"internal","split":{"type":"continuous","featureIndex":3,"threshold":1.7353628859012757}}
{"type":"leaf","values":[123.69597370583402]}
{"type":"leaf","values":[175.8987414187643]}
{"type":"internal","split":{"type":"continuous","featureIndex":4,"threshold":2.7295261126599506}}
{"type":"leaf","values":[103.26229508196721]}
{"type":"leaf","values":[71.66279069767442]}
{"type":"internal","split":{"type":"continuous","featureIndex":4,"threshold":2.7295261126599506}}
{"type":"internal","split":{"type":"continuous","featureIndex":3,"threshold":1.3953255636638637}}
{"type":"leaf","values":[134.5422138836773]}
{"type":"leaf","values":[191.28290468986384]}
{"type":"internal","split":{"type":"continuous","featureIndex":2,"threshold":2.4742688256549923}}
{"type":"leaf","values":[172.83928571428572]}
{"type":"leaf","values":[215.93832599118943]}
{"type":"internal","split":{"type":"continuous","featureIndex":3,"threshold":2.3333595560429314}}
{"type":"internal","split":{"type":"continuous","featureIndex":1,"threshold":2.952783828711797}}
{"type":"internal","split":{"type":"continuous","featureIndex":3,"threshold":1.5125798127112473}}
{"type":"internal","split":{"type":"continuous","featureIndex":0,"threshold":3.6227458373175923}}
{"type":"leaf","values":[133.24660272862354]}
{"type":"leaf","values":[184.26695772548183]}
{"type":"internal","split":{"type":"continuous","featureIndex":2,"threshold":1.6624632688078584}}
{"type":"leaf","values":[185.96111244883218]}
{"type":"leaf","values":[216.4140154772141]}
{"type":"internal","split":{"type":"continuous","featureIndex":2,"threshold":2.0428054188672213}}
{"type":"internal","split":{"type":"continuous","featureIndex":0,"threshold":4.65781607655119}}
{"type":"leaf","values":[178.0458323972141]}
{"type":"leaf","values":[279.5038937242327]}
{"type":"internal","split":{"type":"continuous","featureIndex":3,"threshold":0.05862712452369175}}
{"type":"leaf","values":[336.28434065934067]}
{"type":"leaf","values":[246.88723776223776]}
{"type":"internal","split":{"type":"continuous","featureIndex":6,"threshold":3.082016907260222}}
{"type":"internal","split":{"type":"continuous","featureIndex":3,"threshold":3.5059020465167667}}
{"type":"internal","split":{"type":"continuous","featureIndex":4,"threshold":2.194324914099176}}
{"type":"leaf","values":[233.5728813559322]}
{"type":"leaf","values":[266.87402258905297]}
{"type":"internal","split":{"type":"continuous","featureIndex":5,"threshold":0.768246346633376}}
{"type":"leaf","values":[283.06811881188116]}
{"type":"leaf","values":[311.4327122153209]}
{"type":"internal","split":{"type":"continuous","featureIndex":1,"threshold":4.133897360196515}}
{"type":"internal","split":{"type":"continuous","featureIndex":2,"threshold":2.4742688256549923}}
{"type":"leaf","values":[319.57933265236636]}
{"type":"leaf","values":[391.29991204925244]}
{"type":"internal","split":{"type":"continuous","featureIndex":2,"threshold":2.4742688256549923}}
{"type":"leaf","values":[383.9840299014611]}
{"type":"leaf","values":[477.1214057507987]}
