{"type":"internal","split":{"type":"continuous","featureIndex":1,"threshold":1.7716702972270781}}
{"type":"internal","split":{"type":"continuous","featureIndex":2,"threshold":0.8608819633064064}}
{"type":"internal","split":{"type":"continuous","featureIndex":5,"threshold":0.2322605234007881}}
{"type":"internal","split":{"type":"continuous","featureIndex":7,"threshold":10.901011375330025}}
{"type":"internal","split":{"type":"continuous","featureIndex":3,"threshold":1.1608170655690966}}
{"type":"leaf","values":[88.75434225255479]}
{"type":"leaf","values":[133.103121516165]}
{"type":"internal","split":{"type":"continuous","featureIndex":4,"threshold":0.0802801797841162}}
{"type":"leaf","values":[108.82304430569931]}
{"type":"leaf","values":[96.64338604417671]}
{"type":"internal","split":{"type":"continuous","featureIndex":3,"threshold":1.1608170655690966}}
{"type":"internal","split":{"type":"continuous","featureIndex":4,"threshold":2.194324914099176}}
{"type":"leaf","values":[88.5492119043577]}
{"type":"leaf","values":[114.20533880903491]}
{"type":"internal","split":{"type":"continuous","featureIndex":3,"threshold":1.7353628859012757}}
{"type":"leaf","values":[124.9024879249066]}
{"type":"leaf","values":[156.780345659164]}
{"type":"internal","split":{"type":"continuous","featureIndex":6,"threshold":1.0415566066053519}}
{"type":"internal","split":{"type":"continuous","featureIndex":3,"threshold":1.1608170655690966}}
{"type":"internal","split":{"type":"continuous","featureIndex":5,"threshold":0.6610491819868585}}
{"type":"leaf","values":[92.53768506056528]}
{"type":"leaf","values":[100.46179966044143]}
{"type":"internal","split":{"type":"continuous","featureIndex":3,"threshold":1.7353628859012757}}
{"type":"leaf","values":[127.80135059088352]}
{"type":"leaf","values":[152.36821705426357]}
{"type":"internal","split":{"type":"continuous","featureIndex":4,"threshold":2.194324914099176}}
{"type":"internal","split":{"type":"continuous","featureIndex":2,"threshold":2.0428054188672213}}
{"type":"leaf","values":[113.92298926628438]}
{"type":"leaf","values":[135.5928038613427]}
{"type":"internal","split":{"type":"continuous","featureIndex":2,"threshold":2.0428054188672213}}
{"type":"leaf","values":[144.56637168141592]}
{"type":"leaf","values":[181.81470412432756]}
{"type":"internal","split":{"type":"continuous","featureIndex":6,"threshold":3.082016907260222}}
{"type":"internal","split":{"type":"continuous","featureIndex":2,"threshold":1.6624632688078584}}
{"type":"internal","split":{"type":"continuous","featureIndex":0,"threshold":3.6227458373175923}}
{"type":"internal","split":{"type":"continuous","featureIndex":7,"threshold":11.017599732285426}}
{"type":"leaf","values":[136.4279921461499]}
{"type":"leaf","values":[153.71811867013096]}
{"type":"internal","split":{"type":"continuous","featureIndex":3,"threshold":2.3333595560429314}}
{"type":"leaf","values":[185.40135856380397]}
{"type":"leaf","values":[274.1207220759684]}
{"type":"internal","split":{"type":"continuous","featureIndex":3,"threshold":1.8643425598533976}}
{"type":"internal","split":{"type":"continuous","featureIndex":7,"threshold":11.017599732285426}}
{"type":"leaf","values":[168.90776859504132]}
{"type":"leaf","values":[195.55294486215539]}
{"type":"internal","split":{"type":"continuous","featureIndex":0,"threshold":3.6227458373175923}}
{"type":"leaf","values":[236.76737160120845]}
{"type":"leaf","values":[287.3303611234953]}
{"type":"internal","split":{"type":"continuous","featureIndex":3,"threshold":2.3333595560429314}}
{"type":"internal","split":{"type":"continuous","featureIndex":2,"threshold":2.0428054188672213}}
{"type":"internal","split":{"type":"continuous","featureIndex":3,"threshold":1.7353628859012757}}
{"type":"leaf","values":[182.06539786967417]}
{"type":"leaf","values":[234.89220684632193]}
{"type":"internal","split":{"type":"continuous","featureIndex":0,"threshold":3.6227458373175923}}
{"type":"leaf","values":[205.17684594348222]}
{"type":"leaf","values":[308.6896551724138]}
{"type":"internal","split":{"type":"continuous","featureIndex":0,"threshold":4.65781607655119}}
{"type":"internal","split":{"type":"continuous","featureIndex":0,"threshold":2.5876755980839947}}
{"type":"leaf","values":[258.91873065015477]}
{"type":"leaf","values":[329.46395046934293]}
{"type":"internal","split":{"type":"continuous","featureIndex":3,"threshold":3.5059020465167667}}
{"type":"leaf","values":[353.7240356083086]}
{"type":"leaf","values":[446.26604127579736]}
