{"type":"internal","split":{"type":"continuous","featureIndex":3,"threshold":1.8643425598533976}}
{"type":"internal","split":{"type":"continuous","featureIndex":1,"threshold":1.7716702972270781}}
{"type":"internal","split":{"type":"continuous","featureIndex":3,"threshold":1.0318373916169747}}
{"type":"internal","split":{"type":"continuous","featureIndex":2,"threshold":0.8199849579236793}}
{"type":"internal","split":{"type":"continuous","featureIndex":3,"threshold":0.7152509191890394}}
{"type":"leaf","values":[89.38977752099343]}
{"type":"leaf","values":[101.15955009373047]}
{"type":"internal","split":{"type":"continuous","featureIndex":7,"threshold":10.901011375330025}}
{"type":"leaf","values":[96.83468188399625]}
{"type":"leaf","values":[104.56273664969318]}
{"type":"internal","split":{"type":"continuous","featureIndex":7,"threshold":11.017599732285426}}
{"type":"internal","split":{"type":"continuous","featureIndex":6,"threshold":0.954874881088658}}
{"type":"leaf","values":[91.65217391304348]}
{"type":"leaf","values":[122.70157315154694]}
{"type":"internal","split":{"type":"continuous","featureIndex":3,"threshold":1.3953255636638637}}
{"type":"leaf","values":[125.5515169068134]}
{"type":"leaf","values":[144.69557577010545]}
{"type":"internal","split":{"type":"continuous","featureIndex":6,"threshold":3.082016907260222}}
{"type":"internal","split":{"type":"continuous","featureIndex":3,"threshold":1.1608170655690966}}
{"type":"internal","split":{"type":"continuous","featureIndex":3,"threshold":0.05862712452369175}}
{"type":"leaf","values":[160.0323525405258]}
{"type":"leaf","values":[122.94153371571794]}
{"type":"internal","split":{"type":"continuous","featureIndex":0,"threshold":3.6227458373175923}}
{"type":"leaf","values":[158.7144402829796]}
{"type":"leaf","values":[195.14101315148562]}
{"type":"internal","split":{"type":"continuous","featureIndex":2,"threshold":2.0428054188672213}}
{"type":"internal","split":{"type":"continuous","featureIndex":6,"threshold":3.15356372832162}}
{"type":"leaf","values":[176.94452470384283]}
{"type":"leaf","values":[216.96591261233343]}
{"type":"internal","split":{"type":"continuous","featureIndex":0,"threshold":3.6227458373175923}}
{"type":"leaf","values":[194.1253951527924]}
{"type":"leaf","values":[302.6719178082192]}
{"type":"internal","split":{"type":"continuous","featureIndex":2,"threshold":1.6624632688078584}}
{"type":"internal","split":{"type":"continuous","featureIndex":0,"threshold":3.6227458373175923}}
{"type":"internal","split":{"type":"continuous","featureIndex":3,"threshold":2.3333595560429314}}
{"type":"internal","split":{"type":"continuous","featureIndex":6,"threshold":2.081737312805677}}
{"type":"leaf","values":[150.9703781512605]}
{"type":"leaf","values":[188.2036185219258]}
{"type":"internal","split":{"type":"continuous","featureIndex":6,"threshold":2.081737312805677}}
{"type":"leaf","values":[169.1698317959848]}
{"type":"leaf","values":[230.7763747454175]}
{"type":"internal","split":{"type":"continuous","featureIndex":6,"threshold":3.082016907260222}}
{"type":"internal","split":{"type":"continuous","featureIndex":7,"threshold":11.134188089240826}}
{"type":"leaf","values":[231.46834862385322]}
{"type":"leaf","values":[265.3580688421994]}
{"type":"internal","split":{"type":"continuous","featureIndex":2,"threshold":0.37011789871368067}}
{"type":"leaf","values":[384.5472337222431]}
{"type":"leaf","values":[286.9793848167539]}
{"type":"internal","split":{"type":"continuous","featureIndex":3,"threshold":3.5059020465167667}}
{"type":"internal","split":{"type":"continuous","featureIndex":6,"threshold":3.082016907260222}}
{"type":"internal","split":{"type":"continuous","featureIndex":0,"threshold":2.5876755980839947}}
{"type":"leaf","values":[191.67604824813327]}
{"type":"leaf","values":[257.2988344988345]}
{"type":"internal","split":{"type":"continuous","featureIndex":2,"threshold":2.1266442799018117}}
{"type":"leaf","values":[309.51330573625074]}
{"type":"leaf","values":[346.60642570281124]}
{"type":"internal","split":{"type":"continuous","featureIndex":1,"threshold":2.952783828711797}}
{"type":"internal","split":{"type":"continuous","featureIndex":7,"threshold":11.134188089240826}}
{"type":"leaf","values":[234.29700499168052]}
{"type":"leaf","values":[286.7561188811189]}
{"type":"internal","split":{"type":"continuous","featureIndex":1,"threshold":4.133897360196515}}
{"type":"leaf","values":[387.89412484700125]}
{"type":"leaf","values":[459.9991379310345]}
