{"type":"internal","split":{"type":"continuous","featureIndex":1,"threshold":1.7716702972270781}}
{"type":"internal","split":{"type":"continuous","featureIndex":3,"threshold":1.1608170655690966}}
{"type":"internal","split":{"type":"continuous","featureIndex":2,"threshold":0.8199849579236793}}
{"type":"internal","split":{"type":"continuous","featureIndex":1,"threshold":0.5905567657423594}}
{"type":"internal","split":{"type":"continuous","featureIndex":3,"threshold":0.05862712452369175}}
{"type":"leaf","values":[101.83280992971437]}
{"type":"leaf","values":[90.68562840921741]}
{"type":"internal","split":{"type":"continuous","featureIndex":4,"threshold":0.18732041949627112}}
{"type":"leaf","values":[93.90367573291718]}
{"type":"leaf","values":[85.40243751217871]}
{"type":"internal","split":{"type":"continuous","featureIndex":2,"threshold":1.6624632688078584}}
{"type":"internal","split":{"type":"continuous","featureIndex":3,"threshold":0.9263085674743297}}
{"type":"leaf","values":[96.59220810942843]}
{"type":"leaf","values":[112.2533179457588]}
{"type":"internal","split":{"type":"continuous","featureIndex":3,"threshold":0.05862712452369175}}
{"type":"leaf","values":[124.50132100396301]}
{"type":"leaf","values":[103.17450027012426]}
{"type":"internal","split":{"type":"continuous","featureIndex":3,"threshold":1.7353628859012757}}
{"type":"internal","split":{"type":"continuous","featureIndex":7,"threshold":10.784423018374623}}
{"type":"internal","split":{"type":"continuous","featureIndex":2,"threshold":2.0428054188672213}}
{"type":"leaf","values":[117.50148651518369]}
{"type":"leaf","values":[132.12317666126418]}
{"type":"internal","split":{"type":"continuous","featureIndex":2,"threshold":2.0428054188672213}}
{"type":"leaf","values":[130.03792701039677]}
{"type":"leaf","values":[142.8978978978979]}
{"type":"internal","split":{"type":"continuous","featureIndex":3,"threshold":2.3333595560429314}}
{"type":"internal","split":{"type":"continuous","featureIndex":3,"threshold":1.8643425598533976}}
{"type":"leaf","values":[148.48689269486195]}
{"type":"leaf","values":[157.11217688180784]}
{"type":"internal","split":{"type":"continuous","featureIndex":0,"threshold":2.5876755980839947}}
{"type":"leaf","values":[173.04603736719992]}
{"type":"leaf","values":[216.30861244019138]}
{"type":"internal","split":{"type":"continuous","featureIndex":3,"threshold":2.3333595560429314}}
{"type":"internal","split":{"type":"continuous","featureIndex":0,"threshold":3.6227458373175923}}
{"type":"internal","split":{"type":"continuous","featureIndex":3,"threshold":1.3953255636638637}}
{"type":"internal","split":{"type":"continuous","featureIndex":3,"threshold":0.05862712452369175}}
{"type":"leaf","values":[148.01871452676792]}
{"type":"leaf","values":[128.10537572044802]}
{"type":"internal","split":{"type":"continuous","featureIndex":4,"threshold":2.194324914099176}}
{"type":"leaf","values":[175.55824155310808]}
{"type":"leaf","values":[229.01881188118813]}
{"type":"internal","split":{"type":"continuous","featureIndex":6,"threshold":3.082016907260222}}
{"type":"internal","split":{"type":"continuous","featureIndex":2,"threshold":1.6624632688078584}}
{"type":"leaf","values":[183.37699894666284]}
{"type":"leaf","values":[230.49081952530227]}
{"type":"internal","split":{"type":"continuous","featureIndex":2,"threshold":2.0428054188672213}}
{"type":"leaf","values":[225.34992960450532]}
{"type":"leaf","values":[301.2034764826176]}
{"type":"internal","split":{"type":"continuous","featureIndex":6,"threshold":3.082016907260222}}
{"type":"internal","split":{"type":"continuous","featureIndex":7,"threshold":11.134188089240826}}
{"type":"internal","split":{"type":"continuous","featureIndex":3,"threshold":3.5059020465167667}}
{"type":"leaf","values":[224.15483701366983]}
{"type":"leaf","values":[261.15676028739387]}
{"type":"internal","split":{"type":"continuous","featureIndex":5,"threshold":0.19652813518528223}}
{"type":"leaf","values":[257.19242089771893]}
{"type":"leaf","values":[274.8368129527056]}
{"type":"internal","split":{"type":"continuous","featureIndex":3,"threshold":3.5059020465167667}}
{"type":"internal","split":{"type":"continuous","featureIndex":0,"threshold":4.65781607655119}}
{"type":"leaf","values":[279.83328851841895]}
{"type":"leaf","values":[359.34190531852715]}
{"type":"internal","split":{"type":"continuous","featureIndex":1,"threshold":4.133897360196515}}
{"type":"leaf","values":[376.7797147385103]}
{"type":"leaf","values":[452.3209706959707]}
