{"type":"internal","split":{"type":"continuous","featureIndex":3,"threshold":1.8643425598533976}}
{"type":"internal","split":{"type":"continuous","featureIndex":3,"threshold":1.1608170655690966}}
{"type":"internal","split":{"type":"continuous","featureIndex":3,"threshold":0.05862712452369175}}
{"type":"internal","split":{"type":"continuous","featureIndex":1,"threshold":1.7716702972270781}}
{"type":"internal","split":{"type":"continuous","featureIndex":4,"threshold":2.194324914099176}}
{"type":"leaf","values":[94.84286757713987]}
{"type":"leaf","values":[123.49280131633073]}
{"type":"internal","split":{"type":"continuous","featureIndex":1,"threshold":2.952783828711797}}
{"type":"leaf","values":[159.61333426125688]}
{"type":"leaf","values":[241.17522596548892]}
{"type":"internal","split":{"type":"continuous","featureIndex":1,"threshold":1.7716702972270781}}
{"type":"internal","split":{"type":"continuous","featureIndex":4,"threshold":2.194324914099176}}
{"type":"leaf","values":[89.86063348416289]}
{"type":"leaf","values":[111.59312953041285]}
{"type":"internal","split":{"type":"continuous","featureIndex":4,"threshold":2.194324914099176}}
{"type":"leaf","values":[126.48321137361489]}
{"type":"leaf","values":[178.42025862068965]}
{"type":"internal","split":{"type":"continuous","featureIndex":1,"threshold":1.7716702972270781}}
{"type":"internal","split":{"type":"continuous","featureIndex":3,"threshold":1.5125798127112473}}
{"type":"internal","split":{"type":"continuous","featureIndex":4,"threshold":2.194324914099176}}
{"type":"leaf","values":[123.94075360445862]}
{"type":"leaf","values":[143.7875]}
{"type":"internal","split":{"type":"continuous","featureIndex":7,"threshold":10.901011375330025}}
{"type":"leaf","values":[135.91697102507914]}
{"type":"leaf","values":[148.6514485059912]}
{"type":"internal","split":{"type":"continuous","featureIndex":6,"threshold":3.082016907260222}}
{"type":"internal","split":{"type":"continuous","featureIndex":7,"threshold":11.36736480315163}}
{"type":"leaf","values":[159.05639198218262]}
{"type":"leaf","values":[184.47087477166633]}
{"type":"internal","split":{"type":"continuous","featureIndex":3,"threshold":1.7353628859012757}}
{"type":"leaf","values":[188.88571950996527]}
{"type":"leaf","values":[246.8235785953177]}
{"type":"internal","split":{"type":"continuous","featureIndex":0,"threshold":3.6227458373175923}}
{"type":"internal","split":{"type":"continuous","featureIndex":0,"threshold":2.5876755980839947}}
{"type":"internal","split":{"type":"continuous","featureIndex":2,"threshold":1.6624632688078584}}
{"type":"internal","split":{"type":"continuous","featureIndex":1,"threshold":1.7716702972270781}}
{"type":"leaf","values":[161.46825794804934]}
{"type":"leaf","values":[206.91291108404386]}
{"type":"internal","split":{"type":"continuous","featureIndex":6,"threshold":2.081737312805677}}
{"type":"leaf","values":[179.07263389581806]}
{"type":"leaf","values":[238.52271313005602]}
{"type":"internal","split":{"type":"continuous","featureIndex":3,"threshold":3.5059020465167667}}
{"type":"internal","split":{"type":"continuous","featureIndex":6,"threshold":3.082016907260222}}
{"type":"leaf","values":[217.82509752925878]}
{"type":"leaf","values":[260.39970930232556]}
{"type":"internal","split":{"type":"continuous","featureIndex":1,"threshold":5.315010891681235}}
{"type":"leaf","values":[300.08755760368666]}
{"type":"leaf","values":[590.5]}
{"type":"internal","split":{"type":"continuous","featureIndex":3,"threshold":3.5059020465167667}}
{"type":"internal","split":{"type":"continuous","featureIndex":1,"threshold":2.952783828711797}}
{"type":"internal","split":{"type":"continuous","featureIndex":3,"threshold":2.3333595560429314}}
{"type":"leaf","values":[216.44449925999012]}
{"type":"leaf","values":[257.06990411382617]}
{"type":"internal","split":{"type":"continuous","featureIndex":0,"threshold":4.65781607655119}}
{"type":"leaf","values":[278.984406010774]}
{"type":"leaf","values":[343.7919926369075]}
{"type":"internal","split":{"type":"continuous","featureIndex":2,"threshold":2.4742688256549923}}
{"type":"internal","split":{"type":"continuous","featureIndex":6,"threshold":2.783446519369388}}
{"type":"leaf","values":[296.5992]}
{"type":"leaf","values":[409.6037842417396]}
{"type":"internal","split":{"type":"continuous","featureIndex":6,"threshold":3.15356372832162}}
{"type":"leaf","values":[395.9951397326853]}
{"type":"leaf","values":[500.8260038240918]}
