{"type":"internal","split":{"type":"continuous","featureIndex":1,"threshold":1.7716702972270781}}
{"type":"internal","split":{"type":"continuous","featureIndex":6,"threshold":1.483220636618982}}
{"type":"internal","split":{"type":"continuous","featureIndex":2,"threshold":0.8608819633064064}}
{"type":"internal","split":{"type":"continuous","featureIndex":4,"threshold":2.194324914099176}}
{"type":"internal","split":{"type":"continuous","featureIndex":7,"threshold":11.017599732285426}}
{"type":"leaf","values":[92.46787558544494]}
{"type":"leaf","values":[101.83267575540529]}
{"type":"internal","split":{"type":"continuous","featureIndex":7,"threshold":10.66783466141922}}
{"type":"leaf","values":[118.75545023696682]}
{"type":"leaf","values":[131.76997774630792]}
{"type":"internal","split":{"type":"continuous","featureIndex":7,"threshold":10.901011375330025}}
{"type":"internal","split":{"type":"continuous","featureIndex":3,"threshold":1.3953255636638637}}
{"type":"leaf","values":[102.46626506024096]}
{"type":"leaf","values":[149.90108954715697]}
{"type":"internal","split":{"type":"continuous","featureIndex":2,"threshold":2.0428054188672213}}
{"type":"leaf","values":[119.64237615493032]}
{"type":"leaf","values":[144.24926070781265]}
{"type":"internal","split":{"type":"continuous","featureIndex":2,"threshold":2.0428054188672213}}
{"type":"internal","split":{"type":"continuous","featureIndex":3,"threshold":1.7353628859012757}}
{"type":"internal","split":{"type":"continuous","featureIndex":4,"threshold":2.194324914099176}}
{"type":"leaf","values":[107.46956151553853]}
{"type":"leaf","values":[156.02272727272728]}
{"type":"internal","split":{"type":"continuous","featureIndex":4,"threshold":2.7295261126599506}}
{"type":"leaf","values":[164.87173396674584]}
{"type":"leaf","values":[246.68965517241378]}
{"type":"internal","split":{"type":"continuous","featureIndex":3,"threshold":1.7353628859012757}}
{"type":"internal","split":{"type":"continuous","featureIndex":5,"threshold":0.05359858232325879}}
{"type":"leaf","values":[207.63636363636363]}
{"type":"leaf","values":[135.55376344086022]}
{"type":"internal","split":{"type":"continuous","featureIndex":7,"threshold":10.66783466141922}}
{"type":"leaf","values":[157.53658536585365]}
{"type":"leaf","values":[211.58041958041957]}
{"type":"internal","split":{"type":"continuous","featureIndex":1,"threshold":2.952783828711797}}
{"type":"internal","split":{"type":"continuous","featureIndex":0,"threshold":3.6227458373175923}}
{"type":"internal","split":{"type":"continuous","featureIndex":7,"threshold":11.017599732285426}}
{"type":"internal","split":{"type":"continuous","featureIndex":3,"threshold":1.7353628859012757}}
{"type":"leaf","values":[128.9026831641874]}
{"type":"leaf","values":[198.4747785210631]}
{"type":"internal","split":{"type":"continuous","featureIndex":3,"threshold":1.7353628859012757}}
{"type":"leaf","values":[141.9009707588493]}
{"type":"leaf","values":[217.39710583880196]}
{"type":"internal","split":{"type":"continuous","featureIndex":3,"threshold":2.3333595560429314}}
{"type":"internal","split":{"type":"continuous","featureIndex":3,"threshold":1.5125798127112473}}
{"type":"leaf","values":[185.78358616173742]}
{"type":"leaf","values":[216.5551526140828]}
{"type":"internal","split":{"type":"continuous","featureIndex":4,"threshold":2.7295261126599506}}
{"type":"leaf","values":[273.6703349282297]}
{"type":"leaf","values":[368.63793103448273]}
{"type":"internal","split":{"type":"continuous","featureIndex":6,"threshold":3.15356372832162}}
{"type":"internal","split":{"type":"continuous","featureIndex":3,"threshold":2.3333595560429314}}
{"type":"internal","split":{"type":"continuous","featureIndex":0,"threshold":3.6227458373175923}}
{"type":"leaf","values":[158.46972915560275]}
{"type":"leaf","values":[229.94724001219885]}
{"type":"internal","split":{"type":"continuous","featureIndex":2,"threshold":2.4742688256549923}}
{"type":"leaf","values":[316.4013666606725]}
{"type":"leaf","values":[395.51563981042653]}
{"type":"internal","split":{"type":"continuous","featureIndex":3,"threshold":2.3568104058524084}}
{"type":"internal","split":{"type":"continuous","featureIndex":0,"threshold":4.65781607655119}}
{"type":"leaf","values":[224.0898426323319]}
{"type":"leaf","values":[319.26319018404905]}
{"type":"internal","split":{"type":"continuous","featureIndex":3,"threshold":3.5059020465167667}}
{"type":"leaf","values":[351.38048780487804]}
{"type":"leaf","values":[447.0404772049425]}
