{"type":"internal","split":{"type":"continuous","featureIndex":1,"threshold":1.7716702972270781}}
{"type":"internal","split":{"type":"continuous","featureIndex":7,"threshold":10.901011375330025}}
{"type":"internal","split":{"type":"continuous","featureIndex":3,"threshold":1.1608170655690966}}
{"type":"internal","split":{"type":"continuous","featureIndex":4,"threshold":1.311242936473898}}
{"type":"internal","split":{"type":"continuous","featureIndex":2,"threshold":1.6624632688078584}}
{"type":"leaf","values":[85.99465459877955]}
{"type":"leaf","values":[104.40576860045887]}
{"type":"internal","split":{"type":"continuous","featureIndex":3,"threshold":0.8325051682364228}}
{"type":"leaf","values":[95.66530658506177]}
{"type":"leaf","values":[111.5775075987842]}
{"type":"internal","split":{"type":"continuous","featureIndex":4,"threshold":2.194324914099176}}
{"type":"internal","split":{"type":"continuous","featureIndex":2,"threshold":2.0428054188672213}}
{"type":"leaf","values":[127.62894687675157]}
{"type":"leaf","values":[147.70465273095078]}
{"type":"internal","split":{"type":"continuous","featureIndex":2,"threshold":2.4742688256549923}}
{"type":"leaf","values":[152.15085024684586]}
{"type":"leaf","values":[224.65986394557822]}
{"type":"internal","split":{"type":"continuous","featureIndex":3,"threshold":1.1608170655690966}}
{"type":"internal","split":{"type":"continuous","featureIndex":4,"threshold":2.194324914099176}}
{"type":"internal","split":{"type":"continuous","featureIndex":3,"threshold":0.7152509191890394}}
{"type":"leaf","values":[93.19453232332144]}
{"type":"leaf","values":[107.09177435579974]}
{"type":"internal","split":{"type":"continuous","featureIndex":2,"threshold":1.224865311212678}}
{"type":"leaf","values":[118.39493019838355]}
{"type":"leaf","values":[137.24734982332154]}
{"type":"internal","split":{"type":"continuous","featureIndex":3,"threshold":1.8643425598533976}}
{"type":"internal","split":{"type":"continuous","featureIndex":3,"threshold":1.5125798127112473}}
{"type":"leaf","values":[130.22797742797744]}
{"type":"leaf","values":[148.99090488669648]}
{"type":"internal","split":{"type":"continuous","featureIndex":4,"threshold":2.194324914099176}}
{"type":"leaf","values":[171.3453111305872]}
{"type":"leaf","values":[201.92171344165436]}
{"type":"internal","split":{"type":"continuous","featureIndex":2,"threshold":1.6624632688078584}}
{"type":"internal","split":{"type":"continuous","featureIndex":3,"threshold":2.3333595560429314}}
{"type":"internal","split":{"type":"continuous","featureIndex":0,"threshold":3.6227458373175923}}
{"type":"internal","split":{"type":"continuous","featureIndex":3,"threshold":1.3953255636638637}}
{"type":"leaf","values":[131.07376712890786]}
{"type":"leaf","values":[173.6473322768093]}
{"type":"internal","split":{"type":"continuous","featureIndex":1,"threshold":2.952783828711797}}
{"type":"leaf","values":[185.44061190684985]}
{"type":"leaf","values":[224.4933450527373]}
{"type":"internal","split":{"type":"continuous","featureIndex":3,"threshold":3.5059020465167667}}
{"type":"internal","split":{"type":"continuous","featureIndex":2,"threshold":0.12269101614818144}}
{"type":"leaf","values":[288.04814814814813]}
{"type":"leaf","values":[229.84156589465056]}
{"type":"internal","split":{"type":"continuous","featureIndex":6,"threshold":3.082016907260222}}
{"type":"leaf","values":[288.99228791773777]}
{"type":"leaf","values":[385.5032310177706]}
{"type":"internal","split":{"type":"continuous","featureIndex":3,"threshold":2.3568104058524084}}
{"type":"internal","split":{"type":"continuous","featureIndex":6,"threshold":3.082016907260222}}
{"type":"internal","split":{"type":"continuous","featureIndex":3,"threshold":1.5125798127112473}}
{"type":"leaf","values":[178.1225643024162]}
{"type":"leaf","values":[230.2434875066454]}
{"type":"internal","split":{"type":"continuous","featureIndex":0,"threshold":3.6227458373175923}}
{"type":"leaf","values":[218.24135546334716]}
{"type":"leaf","values":[310.963270963271]}
{"type":"internal","split":{"type":"continuous","featureIndex":6,"threshold":3.082016907260222}}
{"type":"internal","split":{"type":"continuous","featureIndex":2,"threshold":2.4742688256549923}}
{"type":"leaf","values":[262.3977395048439]}
{"type":"leaf","values":[302.80538555691555]}
{"type":"internal","split":{"type":"continuous","featureIndex":0,"threshold":4.65781607655119}}
{"type":"leaf","values":[357.46712128592304]}
{"type":"leaf","values":[456.475910693302]}
