{"type":"internal","split":{"type":"continuous","featureIndex":6,"threshold":2.081737312805677}}
{"type":"internal","split":{"type":"continuous","featureIndex":3,"threshold":1.1608170655690966}}
{"type":"internal","split":{"type":"continuous","featureIndex":2,"threshold":0.8608819633064064}}
{"type":"internal","split":{"type":"continuous","featureIndex":2,"threshold":0.12269101614818144}}
{"type":"internal","split":{"type":"continuous","featureIndex":1,"threshold":0.5905567657423594}}
{"type":"leaf","values":[100.23860182370821]}
{"type":"leaf","values":[91.2255471898317]}
{"type":"internal","split":{"type":"continuous","featureIndex":0,"threshold":1.5526053588503967}}
{"type":"leaf","values":[70.37853107344633]}
{"type":"leaf","values":[88.6904887251031]}
{"type":"internal","split":{"type":"continuous","featureIndex":4,"threshold":2.194324914099176}}
{"type":"internal","split":{"type":"continuous","featureIndex":4,"threshold":0.0802801797841162}}
{"type":"leaf","values":[105.16325051077573]}
{"type":"leaf","values":[96.6192525099131]}
{"type":"internal","split":{"type":"continuous","featureIndex":2,"threshold":2.4742688256549923}}
{"type":"leaf","values":[126.83706356311549]}
{"type":"leaf","values":[155.93805309734512]}
{"type":"internal","split":{"type":"continuous","featureIndex":0,"threshold":2.5876755980839947}}
{"type":"internal","split":{"type":"continuous","featureIndex":2,"threshold":1.6624632688078584}}
{"type":"internal","split":{"type":"continuous","featureIndex":4,"threshold":2.194324914099176}}
{"type":"leaf","values":[134.44557293799656]}
{"type":"leaf","values":[154.94867807153966]}
{"type":"internal","split":{"type":"continuous","featureIndex":3,"threshold":1.8643425598533976}}
{"type":"leaf","values":[141.85889690118884]}
{"type":"leaf","values":[174.84970952260673]}
{"type":"internal","split":{"type":"continuous","featureIndex":1,"threshold":4.133897360196515}}
{"type":"internal","split":{"type":"continuous","featureIndex":2,"threshold":1.6624632688078584}}
{"type":"leaf","values":[145.79943591350673]}
{"type":"leaf","values":[192.40116279069767]}
{"type":"internal","split":{"type":"continuous","featureIndex":5,"threshold":0.08933097053876465}}
{"type":"leaf","values":[581.0]}
{"type":"leaf","values":[458.3333333333333]}
{"type":"internal","split":{"type":"continuous","featureIndex":3,"threshold":2.3333595560429314}}
{"type":"internal","split":{"type":"continuous","featureIndex":6,"threshold":3.082016907260222}}
{"type":"internal","split":{"type":"continuous","featureIndex":3,"threshold":1.3953255636638637}}
{"type":"internal","split":{"type":"continuous","featureIndex":2,"threshold":1.6624632688078584}}
{"type":"leaf","values":[137.28965172295784]}
{"type":"leaf","values":[177.82244033013606]}
{"type":"internal","split":{"type":"continuous","featureIndex":4,"threshold":2.194324914099176}}
{"type":"leaf","values":[181.00583468395462]}
{"type":"leaf","values":[230.32049036777582]}
{"type":"internal","split":{"type":"continuous","featureIndex":4,"threshold":0.0802801797841162}}
{"type":"internal","split":{"type":"continuous","featureIndex":2,"threshold":2.0428054188672213}}
{"type":"leaf","values":[210.20259845716606]}
{"type":"leaf","values":[288.7107279693487]}
{"type":"internal","split":{"type":"continuous","featureIndex":4,"threshold":1.311242936473898}}
{"type":"leaf","values":[145.9233156837685]}
{"type":"leaf","values":[227.5851509142983]}
{"type":"internal","split":{"type":"continuous","featureIndex":6,"threshold":3.082016907260222}}
{"type":"internal","split":{"type":"continuous","featureIndex":4,"threshold":2.7295261126599506}}
{"type":"internal","split":{"type":"continuous","featureIndex":7,"threshold":11.017599732285426}}
{"type":"leaf","values":[231.7610974793665]}
{"type":"leaf","values":[260.79083094555875]}
{"type":"internal","split":{"type":"continuous","featureIndex":6,"threshold":2.783446519369388}}
{"type":"leaf","values":[321.70958083832335]}
{"type":"leaf","values":[443.70588235294116]}
{"type":"internal","split":{"type":"continuous","featureIndex":1,"threshold":4.133897360196515}}
{"type":"internal","split":{"type":"continuous","featureIndex":2,"threshold":2.4742688256549923}}
{"type":"leaf","values":[318.3484518828452]}
{"type":"leaf","values":[390.77908025247973]}
{"type":"internal","split":{"type":"continuous","featureIndex":0,"threshold":4.65781607655119}}
{"type":"leaf","values":[355.1107359891965]}
{"type":"leaf","values":[445.36844613918015]}
