{"type":"internal","split":{"type":"continuous","featureIndex":0,"threshold":3.6227458373175923}}
{"type":"internal","split":{"type":"continuous","featureIndex":1,"threshold":1.7716702972270781}}
{"type":"internal","split":{"type":"continuous","featureIndex":3,"threshold":1.1608170655690966}}
{"type":"internal","split":{"type":"continuous","featureIndex":3,"threshold":0.7152509191890394}}
{"type":"internal","split":{"type":"continuous","featureIndex":7,"threshold":11.250776446196229}}
{"type":"leaf","values":[88.20813830332433]}
{"type":"leaf","values":[95.88621190130624]}
{"type":"internal","split":{"type":"continuous","featureIndex":4,"threshold":1.204202696761743}}
{"type":"leaf","values":[102.61593068169955]}
{"type":"leaf","values":[114.32068230277186]}
{"type":"internal","split":{"type":"continuous","featureIndex":7,"threshold":10.784423018374623}}
{"type":"internal","split":{"type":"continuous","featureIndex":7,"threshold":9.268774377954406}}
{"type":"leaf","values":[123.36358479863868]}
{"type":"leaf","values":[132.36426185704744]}
{"type":"internal","split":{"type":"continuous","featureIndex":3,"threshold":1.7353628859012757}}
{"type":"leaf","values":[131.99569841645]}
{"type":"leaf","values":[166.94684484038604]}
{"type":"internal","split":{"type":"continuous","featureIndex":3,"threshold":1.7353628859012757}}
{"type":"internal","split":{"type":"continuous","featureIndex":2,"threshold":1.6624632688078584}}
{"type":"internal","split":{"type":"continuous","featureIndex":3,"threshold":1.1608170655690966}}
{"type":"leaf","values":[128.13083769458981]}
{"type":"leaf","values":[152.87722753704745]}
{"type":"internal","split":{"type":"continuous","featureIndex":4,"threshold":2.194324914099176}}
{"type":"leaf","values":[163.2144093466032]}
{"type":"leaf","values":[219.60189573459715]}
{"type":"internal","split":{"type":"continuous","featureIndex":6,"threshold":3.082016907260222}}
{"type":"internal","split":{"type":"continuous","featureIndex":2,"threshold":2.0428054188672213}}
{"type":"leaf","values":[200.06899128268992]}
{"type":"leaf","values":[231.85655253837072]}
{"type":"internal","split":{"type":"continuous","featureIndex":3,"threshold":3.5059020465167667}}
{"type":"leaf","values":[236.368149324861]}
{"type":"leaf","values":[321.22070844686647]}
{"type":"internal","split":{"type":"continuous","featureIndex":3,"threshold":2.3333595560429314}}
{"type":"internal","split":{"type":"continuous","featureIndex":1,"threshold":1.7716702972270781}}
{"type":"internal","split":{"type":"continuous","featureIndex":2,"threshold":1.6624632688078584}}
{"type":"internal","split":{"type":"continuous","featureIndex":3,"threshold":1.0318373916169747}}
{"type":"leaf","values":[86.1444628943671]}
{"type":"leaf","values":[129.72441579371474]}
{"type":"internal","split":{"type":"continuous","featureIndex":3,"threshold":1.0318373916169747}}
{"type":"leaf","values":[125.77777777777777]}
{"type":"leaf","values":[182.74409448818898]}
{"type":"internal","split":{"type":"continuous","featureIndex":3,"threshold":0.05862712452369175}}
{"type":"internal","split":{"type":"continuous","featureIndex":6,"threshold":3.082016907260222}}
{"type":"leaf","values":[213.29394473838917]}
{"type":"leaf","values":[289.089018606348]}
{"type":"internal","split":{"type":"continuous","featureIndex":0,"threshold":4.65781607655119}}
{"type":"leaf","values":[191.54342485549134]}
{"type":"leaf","values":[250.83218125960062]}
{"type":"internal","split":{"type":"continuous","featureIndex":3,"threshold":3.5059020465167667}}
{"type":"internal","split":{"type":"continuous","featureIndex":1,"threshold":2.952783828711797}}
{"type":"internal","split":{"type":"continuous","featureIndex":1,"threshold":1.7716702972270781}}
{"type":"leaf","values":[182.47826086956522]}
{"type":"leaf","values":[262.5946037099494]}
{"type":"internal","split":{"type":"continuous","featureIndex":0,"threshold":4.65781607655119}}
{"type":"leaf","values":[295.7121342512909]}
{"type":"leaf","values":[358.9466501240695]}
{"type":"internal","split":{"type":"continuous","featureIndex":1,"threshold":2.952783828711797}}
{"type":"internal","split":{"type":"continuous","featureIndex":7,"threshold":11.134188089240826}}
{"type":"leaf","values":[289.4815286624204]}
{"type":"leaf","values":[343.411149825784]}
{"type":"internal","split":{"type":"continuous","featureIndex":6,"threshold":3.15356372832162}}
{"type":"leaf","values":[391.4761700300558]}
{"type":"leaf","values":[454.37208194378275]}
