{"type":"internal","split":{"type":"continuous","featureIndex":0,"threshold":3.6227458373175923}}
{"type":"internal","split":{"type":"continuous","featureIndex":6,"threshold":2.081737312805677}}
{"type":"internal","split":{"type":"continuous","featureIndex":0,"threshold":1.5526053588503967}}
{"type":"internal","split":{"type":"continuous","featureIndex":3,"threshold":2.3568104058524084}}
{"type":"internal","split":{"type":"continuous","featureIndex":3,"threshold":0.8325051682364228}}
{"type":"leaf","values":[72.91745485812554]}
{"type":"leaf","values":[99.72916666666667]}
{"type":"internal","split":{"type":"continuous","featureIndex":6,"threshold":0.9700097855439538}}
{"type":"leaf","values":[640.0]}
{"type":"leaf","values":[150.0]}
{"type":"internal","split":{"type":"continuous","featureIndex":3,"threshold":1.1608170655690966}}
{"type":"internal","split":{"type":"continuous","featureIndex":3,"threshold":0.7152509191890394}}
{"type":"leaf","values":[91.14186088397392]}
{"type":"leaf","values":[105.09773744301786]}
{"type":"internal","split":{"type":"continuous","featureIndex":3,"threshold":1.7353628859012757}}
{"type":"leaf","values":[127.38862755069607]}
{"type":"leaf","values":[161.11999397015225]}
{"type":"internal","split":{"type":"continuous","featureIndex":3,"threshold":1.7353628859012757}}
{"type":"internal","split":{"type":"continuous","featureIndex":3,"threshold":1.1608170655690966}}
{"type":"internal","split":{"type":"continuous","featureIndex":2,"threshold":1.6624632688078584}}
{"type":"leaf","values":[127.60792157119906]}
{"type":"leaf","values":[158.6948183041723]}
{"type":"internal","split":{"type":"continuous","featureIndex":4,"threshold":0.0802801797841162}}
{"type":"leaf","values":[167.20734954731049]}
{"type":"leaf","values":[146.8307114019212]}
{"type":"internal","split":{"type":"continuous","featureIndex":4,"threshold":2.194324914099176}}
{"type":"internal","split":{"type":"continuous","featureIndex":4,"threshold":0.0802801797841162}}
{"type":"leaf","values":[227.4629358335775]}
{"type":"leaf","values":[193.1412265758092]}
{"type":"internal","split":{"type":"continuous","featureIndex":1,"threshold":4.133897360196515}}
{"type":"leaf","values":[259.3558249868213]}
{"type":"leaf","values":[439.6521739130435]}
{"type":"internal","split":{"type":"continuous","featureIndex":3,"threshold":2.3333595560429314}}
{"type":"internal","split":{"type":"continuous","featureIndex":2,"threshold":1.6624632688078584}}
{"type":"internal","split":{"type":"continuous","featureIndex":2,"threshold":1.0203802842990424}}
{"type":"internal","split":{"type":"continuous","featureIndex":6,"threshold":2.081737312805677}}
{"type":"leaf","values":[89.39160144117281]}
{"type":"leaf","values":[200.57866788044302]}
{"type":"internal","split":{"type":"continuous","featureIndex":0,"threshold":4.65781607655119}}
{"type":"leaf","values":[184.2603167986661]}
{"type":"leaf","values":[222.6125860373648]}
{"type":"internal","split":{"type":"continuous","featureIndex":2,"threshold":2.4742688256549923}}
{"type":"internal","split":{"type":"continuous","featureIndex":1,"threshold":2.952783828711797}}
{"type":"leaf","values":[210.2839687194526]}
{"type":"leaf","values":[289.4147768836869]}
{"type":"internal","split":{"type":"continuous","featureIndex":0,"threshold":5.692886315784788}}
{"type":"leaf","values":[257.7125912408759]}
{"type":"leaf","values":[398.82716049382714]}
{"type":"internal","split":{"type":"continuous","featureIndex":3,"threshold":3.5059020465167667}}
{"type":"internal","split":{"type":"continuous","featureIndex":6,"threshold":3.082016907260222}}
{"type":"internal","split":{"type":"continuous","featureIndex":6,"threshold":2.081737312805677}}
{"type":"leaf","values":[198.52298850574712]}
{"type":"leaf","values":[264.3293091884641]}
{"type":"internal","split":{"type":"continuous","featureIndex":0,"threshold":4.65781607655119}}
{"type":"leaf","values":[296.8081395348837]}
{"type":"leaf","values":[356.2661737523105]}
{"type":"internal","split":{"type":"continuous","featureIndex":6,"threshold":2.783446519369388}}
{"type":"internal","split":{"type":"continuous","featureIndex":0,"threshold":4.65781607655119}}
{"type":"leaf","values":[301.9705232129698]}
{"type":"leaf","values":[363.1308724832215]}
{"type":"internal","split":{"type":"continuous","featureIndex":4,"threshold":2.7295261126599506}}
{"type":"leaf","values":[416.7763094666026]}
{"type":"leaf","values":[486.9355670103093]}
