{"type":"internal","split":{"type":"continuous","featureIndex":3,"threshold":1.8643425598533976}}
{"type":"internal","split":{"type":"continuous","featureIndex":1,"threshold":1.7716702972270781}}
{"type":"internal","split":{"type":"continuous","featureIndex":3,"threshold":1.0318373916169747}}
{"type":"internal","split":{"type":"continuous","featureIndex":5,"threshold":0.05359858232325879}}
{"type":"internal","split":{"type":"continuous","featureIndex":3,"threshold":0.05862712452369175}}
{"type":"leaf","values":[103.29072031148606]}
{"type":"leaf","values":[89.65330454374765]}
{"type":"internal","split":{"type":"continuous","featureIndex":6,"threshold":1.3538859985464546}}
{"type":"leaf","values":[91.07687496890746]}
{"type":"leaf","values":[104.70776450511946]}
{"type":"internal","split":{"type":"continuous","featureIndex":3,"threshold":1.3953255636638637}}
{"type":"internal","split":{"type":"continuous","featureIndex":4,"threshold":2.194324914099176}}
{"type":"leaf","values":[119.48060486522024]}
{"type":"leaf","values":[140.02619893428064]}
{"type":"internal","split":{"type":"continuous","featureIndex":3,"threshold":1.7353628859012757}}
{"type":"leaf","values":[134.9253878355085]}
{"type":"leaf","values":[146.8431478480101]}
{"type":"internal","split":{"type":"continuous","featureIndex":4,"threshold":2.194324914099176}}
{"type":"internal","split":{"type":"continuous","featureIndex":6,"threshold":3.082016907260222}}
{"type":"internal","split":{"type":"continuous","featureIndex":0,"threshold":3.6227458373175923}}
{"type":"leaf","values":[134.78517311819616]}
{"type":"leaf","values":[183.78770839498867]}
{"type":"internal","split":{"type":"continuous","featureIndex":3,"threshold":0.05862712452369175}}
{"type":"leaf","values":[232.12998266897748]}
{"type":"leaf","values":[173.17716572953398]}
{"type":"internal","split":{"type":"continuous","featureIndex":6,"threshold":3.082016907260222}}
{"type":"internal","split":{"type":"continuous","featureIndex":4,"threshold":2.7295261126599506}}
{"type":"leaf","values":[194.86420999495203]}
{"type":"leaf","values":[215.05525606469]}
{"type":"internal","split":{"type":"continuous","featureIndex":6,"threshold":3.15356372832162}}
{"type":"leaf","values":[257.5059880239521]}
{"type":"leaf","values":[328.325]}
{"type":"internal","split":{"type":"continuous","featureIndex":6,"threshold":3.082016907260222}}
{"type":"internal","split":{"type":"continuous","featureIndex":0,"threshold":2.5876755980839947}}
{"type":"internal","split":{"type":"continuous","featureIndex":1,"threshold":1.7716702972270781}}
{"type":"internal","split":{"type":"continuous","featureIndex":2,"threshold":1.6624632688078584}}
{"type":"leaf","values":[158.5069682892345]}
{"type":"leaf","values":[178.38072826356205]}
{"type":"internal","split":{"type":"continuous","featureIndex":3,"threshold":3.5059020465167667}}
{"type":"leaf","values":[203.5714499252616]}
{"type":"leaf","values":[257.9777070063694]}
{"type":"internal","split":{"type":"continuous","featureIndex":2,"threshold":1.6624632688078584}}
{"type":"internal","split":{"type":"continuous","featureIndex":3,"threshold":3.5059020465167667}}
{"type":"leaf","values":[228.318449139621]}
{"type":"leaf","values":[297.4470232088799]}
{"type":"internal","split":{"type":"continuous","featureIndex":6,"threshold":1.483220636618982}}
{"type":"leaf","values":[219.1196172248804]}
{"type":"leaf","values":[282.2284090909091]}
{"type":"internal","split":{"type":"continuous","featureIndex":3,"threshold":3.5059020465167667}}
{"type":"internal","split":{"type":"continuous","featureIndex":0,"threshold":4.65781607655119}}
{"type":"internal","split":{"type":"continuous","featureIndex":0,"threshold":3.6227458373175923}}
{"type":"leaf","values":[237.85785649409627]}
{"type":"leaf","values":[283.108153078203]}
{"type":"internal","split":{"type":"continuous","featureIndex":2,"threshold":2.0428054188672213}}
{"type":"leaf","values":[320.5968660968661]}
{"type":"leaf","values":[376.78648648648647]}
{"type":"internal","split":{"type":"continuous","featureIndex":1,"threshold":4.133897360196515}}
{"type":"internal","split":{"type":"continuous","featureIndex":4,"threshold":2.7295261126599506}}
{"type":"leaf","values":[364.9986187845304]}
{"type":"leaf","values":[451.91785714285714]}
{"type":"internal","split":{"type":"continuous","featureIndex":2,"threshold":2.4742688256549923}}
{"type":"leaf","values":[431.90669122160836]}
{"type":"leaf","values":[496.2079002079002]}
